Centroid_Lat,Centroid_Long,Cell_ID,Date,Events_per_Day,Event_Generators_Per_day,Normal_per_Day,Events_Overall,Event_Generators_Overall,Normal_Overall,Event_F_Per_DAY,Event_H_Per_DAY,Event_L_Per_DAY,Event_P_Per_DAY,Normal_F_Per_DAY,Normal_H_Per_DAY,Normal_L_Per_DAY,Normal_P_Per_DAY
21.25493776150485,79.00948913271172,8860960211fffff,02-03-22,1,1,1.0,2,1,2.0,0,0,1,0,0.0,0.0,1.0,0.0
21.25493776150485,79.00948913271172,8860960211fffff,02-04-22,1,1,1.0,2,1,2.0,0,0,1,0,0.0,0.0,1.0,0.0
21.247504148016,79.00492648844711,886096021bfffff,02-04-22,2,1,2.0,4,1,4.0,0,0,2,0,0.0,0.0,2.0,0.0
21.247504148016,79.00492648844711,886096021bfffff,02-08-22,2,1,2.0,4,1,4.0,0,0,1,1,0.0,0.0,1.0,1.0
21.233776364428092,79.03096890698536,8860960259fffff,02-07-22,1,1,1.0,2,1,2.0,0,0,0,1,0.0,0.0,0.0,1.0
21.233776364428092,79.03096890698536,8860960259fffff,02-08-22,1,1,1.0,2,1,2.0,0,0,0,1,0.0,0.0,0.0,1.0
21.23349203505386,79.02217612063669,886096025bfffff,02-04-22,1,1,1.0,2,1,2.0,0,0,0,1,0.0,0.0,0.0,1.0
21.23349203505386,79.02217612063669,886096025bfffff,02-08-22,1,1,1.0,2,1,2.0,0,0,0,1,0.0,0.0,0.0,1.0
21.212322322587447,79.04365613408334,8860961095fffff,02-03-22,3,1,3.0,5,1,5.0,0,2,0,1,0.0,2.0,0.0,1.0
21.212322322587447,79.04365613408334,8860961095fffff,02-04-22,1,1,1.0,5,1,5.0,0,0,0,1,0.0,0.0,0.0,1.0
21.212322322587447,79.04365613408334,8860961095fffff,02-08-22,1,1,1.0,5,1,5.0,0,1,0,0,0.0,1.0,0.0,0.0
21.205169471919262,79.04788515446174,886096109dfffff,02-03-22,1,1,1.0,7,1,7.0,0,0,0,1,0.0,0.0,0.0,1.0
21.205169471919262,79.04788515446174,886096109dfffff,02-04-22,1,1,1.0,7,1,7.0,0,1,0,0,0.0,1.0,0.0,0.0
21.205169471919262,79.04788515446174,886096109dfffff,02-06-22,2,1,2.0,7,1,7.0,0,0,0,2,0.0,0.0,0.0,2.0
21.205169471919262,79.04788515446174,886096109dfffff,02-07-22,1,1,1.0,7,1,7.0,0,0,0,1,0.0,0.0,0.0,1.0
21.205169471919262,79.04788515446174,886096109dfffff,02-08-22,2,1,2.0,7,1,7.0,0,1,0,1,0.0,1.0,0.0,1.0
21.22662576906538,79.03519801029934,88609610b3fffff,02-03-22,2,1,2.0,3,1,3.0,1,1,0,0,1.0,1.0,0.0,0.0
21.22662576906538,79.03519801029934,88609610b3fffff,02-04-22,1,1,1.0,3,1,3.0,0,0,0,1,0.0,0.0,0.0,1.0
21.219757290111485,79.04822098964492,88609610b9fffff,02-03-22,1,1,1.0,2,1,2.0,0,0,0,1,0.0,0.0,0.0,1.0
21.219757290111485,79.04822098964492,88609610b9fffff,02-07-22,1,1,1.0,2,1,2.0,0,0,0,1,0.0,0.0,0.0,1.0
21.21947442171068,79.03942708601392,88609610bbfffff,02-03-22,1,1,1.0,4,1,4.0,0,0,0,1,0.0,0.0,0.0,1.0
21.21947442171068,79.03942708601392,88609610bbfffff,02-04-22,1,1,1.0,4,1,4.0,0,1,0,0,0.0,1.0,0.0,0.0
21.21947442171068,79.03942708601392,88609610bbfffff,02-06-22,1,1,1.0,4,1,4.0,0,1,0,0,0.0,1.0,0.0,0.0
21.21947442171068,79.03942708601392,88609610bbfffff,02-08-22,1,1,1.0,4,1,4.0,0,0,0,1,0.0,0.0,0.0,1.0
21.190580277074176,79.04754935395242,88609610d3fffff,02-03-22,7,1,7.0,21,1,21.0,1,3,1,2,1.0,3.0,1.0,2.0
21.190580277074176,79.04754935395242,88609610d3fffff,02-04-22,7,1,7.0,21,1,21.0,1,3,3,0,1.0,3.0,3.0,0.0
21.190580277074176,79.04754935395242,88609610d3fffff,02-06-22,2,1,2.0,21,1,21.0,0,2,0,0,0.0,2.0,0.0,0.0
21.190580277074176,79.04754935395242,88609610d3fffff,02-07-22,3,1,3.0,21,1,21.0,0,2,0,1,0.0,2.0,0.0,1.0
21.190580277074176,79.04754935395242,88609610d3fffff,02-08-22,2,1,2.0,21,1,21.0,1,0,0,1,1.0,0.0,0.0,1.0
21.19801586992995,79.05211414710335,88609610d7fffff,02-01-22,2,1,2.0,11,1,11.0,0,0,0,2,0.0,0.0,0.0,2.0
21.19801586992995,79.05211414710335,88609610d7fffff,02-03-22,2,1,2.0,11,1,11.0,0,0,0,2,0.0,0.0,0.0,2.0
21.19801586992995,79.05211414710335,88609610d7fffff,02-04-22,4,1,4.0,11,1,11.0,1,0,0,3,1.0,0.0,0.0,3.0
21.19801586992995,79.05211414710335,88609610d7fffff,02-06-22,3,1,3.0,11,1,11.0,0,0,0,3,0.0,0.0,0.0,3.0
21.183425687878977,79.05177812938291,88609610dbfffff,02-01-22,1,1,1.0,32,1,32.0,0,0,0,1,0.0,0.0,0.0,1.0
21.183425687878977,79.05177812938291,88609610dbfffff,02-03-22,7,1,7.0,32,1,32.0,0,5,0,2,0.0,5.0,0.0,2.0
21.183425687878977,79.05177812938291,88609610dbfffff,02-04-22,7,1,7.0,32,1,32.0,3,3,0,1,3.0,3.0,0.0,1.0
21.183425687878977,79.05177812938291,88609610dbfffff,02-06-22,5,1,5.0,32,1,32.0,0,2,0,3,0.0,2.0,0.0,3.0
21.183425687878977,79.05177812938291,88609610dbfffff,02-07-22,8,1,8.0,32,1,32.0,3,2,0,3,3.0,2.0,0.0,3.0
21.183425687878977,79.05177812938291,88609610dbfffff,02-08-22,4,1,4.0,32,1,32.0,0,2,0,2,0.0,2.0,0.0,2.0
21.156741448787187,79.13027151496752,8860961211fffff,02-03-22,3,2,1.5,11,3,3.6666666666666665,0,3,0,0,0.0,1.5,0.0,0.0
21.156741448787187,79.13027151496752,8860961211fffff,02-05-22,3,2,1.5,11,3,3.6666666666666665,0,2,0,1,0.0,1.0,0.0,0.5
21.156741448787187,79.13027151496752,8860961211fffff,02-06-22,3,1,3.0,11,3,3.6666666666666665,0,3,0,0,0.0,3.0,0.0,0.0
21.156741448787187,79.13027151496752,8860961211fffff,02-08-22,2,1,2.0,11,3,3.6666666666666665,0,2,0,0,0.0,2.0,0.0,0.0
21.156465366629405,79.12147220665727,8860961213fffff,02-01-22,1,1,1.0,36,3,12.0,0,1,0,0,0.0,1.0,0.0,0.0
21.156465366629405,79.12147220665727,8860961213fffff,02-02-22,3,1,3.0,36,3,12.0,0,1,0,2,0.0,1.0,0.0,2.0
21.156465366629405,79.12147220665727,8860961213fffff,02-03-22,13,2,6.5,36,3,12.0,2,5,0,6,1.0,2.5,0.0,3.0
21.156465366629405,79.12147220665727,8860961213fffff,02-04-22,4,1,4.0,36,3,12.0,1,1,0,2,1.0,1.0,0.0,2.0
21.156465366629405,79.12147220665727,8860961213fffff,02-05-22,8,2,4.0,36,3,12.0,1,4,0,3,0.5,2.0,0.0,1.5
21.156465366629405,79.12147220665727,8860961213fffff,02-06-22,3,1,3.0,36,3,12.0,0,2,0,1,0.0,2.0,0.0,1.0
21.156465366629405,79.12147220665727,8860961213fffff,02-08-22,4,1,4.0,36,3,12.0,0,2,0,2,0.0,2.0,0.0,2.0
21.14957950796648,79.13450127488727,8860961219fffff,02-01-22,2,1,2.0,35,3,11.666666666666666,0,1,0,1,0.0,1.0,0.0,1.0
21.14957950796648,79.13450127488727,8860961219fffff,02-02-22,1,1,1.0,35,3,11.666666666666666,0,0,0,1,0.0,0.0,0.0,1.0
21.14957950796648,79.13450127488727,8860961219fffff,02-03-22,10,2,5.0,35,3,11.666666666666666,1,4,0,5,0.5,2.0,0.0,2.5
21.14957950796648,79.13450127488727,8860961219fffff,02-04-22,7,1,7.0,35,3,11.666666666666666,2,4,0,1,2.0,4.0,0.0,1.0
21.14957950796648,79.13450127488727,8860961219fffff,02-05-22,8,2,4.0,35,3,11.666666666666666,1,4,0,3,0.5,2.0,0.0,1.5
21.14957950796648,79.13450127488727,8860961219fffff,02-06-22,4,1,4.0,35,3,11.666666666666666,1,1,0,2,1.0,1.0,0.0,2.0
21.14957950796648,79.13450127488727,8860961219fffff,02-08-22,3,1,3.0,35,3,11.666666666666666,1,2,0,0,1.0,2.0,0.0,0.0
21.149303939969208,79.12570180659327,886096121bfffff,02-02-22,1,1,1.0,17,3,5.666666666666667,0,1,0,0,0.0,1.0,0.0,0.0
21.149303939969208,79.12570180659327,886096121bfffff,02-03-22,5,2,2.5,17,3,5.666666666666667,1,4,0,0,0.5,2.0,0.0,0.0
21.149303939969208,79.12570180659327,886096121bfffff,02-04-22,1,1,1.0,17,3,5.666666666666667,0,1,0,0,0.0,1.0,0.0,0.0
21.149303939969208,79.12570180659327,886096121bfffff,02-05-22,4,2,2.0,17,3,5.666666666666667,0,3,0,1,0.0,1.5,0.0,0.5
21.149303939969208,79.12570180659327,886096121bfffff,02-06-22,2,1,2.0,17,3,5.666666666666667,1,1,0,0,1.0,1.0,0.0,0.0
21.149303939969208,79.12570180659327,886096121bfffff,02-08-22,4,1,4.0,17,3,5.666666666666667,1,2,0,1,1.0,2.0,0.0,1.0
21.15067746740353,79.16970703776526,8860961241fffff,02-03-22,1,1,1.0,1,1,1.0,0,1,0,0,0.0,1.0,0.0,0.0
21.150403624694434,79.16090441420904,8860961243fffff,02-01-22,5,1,5.0,40,3,13.333333333333334,0,0,0,5,0.0,0.0,0.0,5.0
21.150403624694434,79.16090441420904,8860961243fffff,02-02-22,5,1,5.0,40,3,13.333333333333334,0,0,0,5,0.0,0.0,0.0,5.0
21.150403624694434,79.16090441420904,8860961243fffff,02-03-22,11,2,5.5,40,3,13.333333333333334,0,1,1,9,0.0,0.5,0.5,4.5
21.150403624694434,79.16090441420904,8860961243fffff,02-04-22,5,1,5.0,40,3,13.333333333333334,1,0,0,4,1.0,0.0,0.0,4.0
21.150403624694434,79.16090441420904,8860961243fffff,02-05-22,5,2,2.5,40,3,13.333333333333334,0,0,0,5,0.0,0.0,0.0,2.5
21.150403624694434,79.16090441420904,8860961243fffff,02-06-22,4,1,4.0,40,3,13.333333333333334,0,0,0,4,0.0,0.0,0.0,4.0
21.150403624694434,79.16090441420904,8860961243fffff,02-08-22,5,1,5.0,40,3,13.333333333333334,0,0,0,5,0.0,0.0,0.0,5.0
21.15784146426371,79.16547663978996,8860961247fffff,02-05-22,1,1,1.0,1,1,1.0,0,0,0,1,0.0,0.0,0.0,1.0
21.143512721514366,79.17393740665474,8860961249fffff,02-03-22,3,1,3.0,3,1,3.0,0,2,0,1,0.0,2.0,0.0,1.0
21.150129350462795,79.15210257900434,8860961255fffff,02-01-22,6,1,6.0,63,3,21.0,2,1,0,3,2.0,1.0,0.0,3.0
21.150129350462795,79.15210257900434,8860961255fffff,02-02-22,6,1,6.0,63,3,21.0,0,1,0,5,0.0,1.0,0.0,5.0
21.150129350462795,79.15210257900434,8860961255fffff,02-03-22,18,2,9.0,63,3,21.0,3,7,0,8,1.5,3.5,0.0,4.0
21.150129350462795,79.15210257900434,8860961255fffff,02-04-22,8,1,8.0,63,3,21.0,2,2,0,4,2.0,2.0,0.0,4.0
21.150129350462795,79.15210257900434,8860961255fffff,02-05-22,12,2,6.0,63,3,21.0,1,5,0,6,0.5,2.5,0.0,3.0
21.150129350462795,79.15210257900434,8860961255fffff,02-06-22,1,1,1.0,63,3,21.0,0,0,0,1,0.0,0.0,0.0,1.0
21.150129350462795,79.15210257900434,8860961255fffff,02-08-22,12,1,12.0,63,3,21.0,1,5,0,6,1.0,5.0,0.0,6.0
21.149854644842254,79.14330153246065,8860961257fffff,02-01-22,3,1,3.0,32,3,10.666666666666666,0,1,0,2,0.0,1.0,0.0,2.0
21.149854644842254,79.14330153246065,8860961257fffff,02-02-22,2,1,2.0,32,3,10.666666666666666,0,0,0,2,0.0,0.0,0.0,2.0
21.149854644842254,79.14330153246065,8860961257fffff,02-03-22,8,2,4.0,32,3,10.666666666666666,1,3,0,4,0.5,1.5,0.0,2.0
21.149854644842254,79.14330153246065,8860961257fffff,02-04-22,3,1,3.0,32,3,10.666666666666666,1,1,0,1,1.0,1.0,0.0,1.0
21.149854644842254,79.14330153246065,8860961257fffff,02-05-22,6,2,3.0,32,3,10.666666666666666,0,3,0,3,0.0,1.5,0.0,1.5
21.149854644842254,79.14330153246065,8860961257fffff,02-06-22,4,1,4.0,32,3,10.666666666666666,0,1,0,3,0.0,1.0,0.0,3.0
21.149854644842254,79.14330153246065,8860961257fffff,02-08-22,6,1,6.0,32,3,10.666666666666666,1,2,0,3,1.0,2.0,0.0,3.0
21.14296563237288,79.15633262943881,886096125dfffff,02-01-22,6,1,6.0,42,1,42.0,0,0,0,6,0.0,0.0,0.0,6.0
21.14296563237288,79.15633262943881,886096125dfffff,02-02-22,7,1,7.0,42,1,42.0,2,0,0,5,2.0,0.0,0.0,5.0
21.14296563237288,79.15633262943881,886096125dfffff,02-03-22,5,1,5.0,42,1,42.0,0,2,0,3,0.0,2.0,0.0,3.0
21.14296563237288,79.15633262943881,886096125dfffff,02-04-22,4,1,4.0,42,1,42.0,0,0,0,4,0.0,0.0,0.0,4.0
21.14296563237288,79.15633262943881,886096125dfffff,02-05-22,6,1,6.0,42,1,42.0,0,0,0,6,0.0,0.0,0.0,6.0
21.14296563237288,79.15633262943881,886096125dfffff,02-06-22,6,1,6.0,42,1,42.0,0,1,0,5,0.0,1.0,0.0,5.0
21.14296563237288,79.15633262943881,886096125dfffff,02-08-22,8,1,8.0,42,1,42.0,1,0,0,7,1.0,0.0,0.0,7.0
21.16251534857645,79.08205388798237,8860961283fffff,02-01-22,1,1,1.0,16,1,16.0,0,0,0,1,0.0,0.0,0.0,1.0
21.16251534857645,79.08205388798237,8860961283fffff,02-03-22,4,1,4.0,16,1,16.0,1,3,0,0,1.0,3.0,0.0,0.0
21.16251534857645,79.08205388798237,8860961283fffff,02-04-22,3,1,3.0,16,1,16.0,0,3,0,0,0.0,3.0,0.0,0.0
21.16251534857645,79.08205388798237,8860961283fffff,02-06-22,1,1,1.0,16,1,16.0,0,0,0,1,0.0,0.0,0.0,1.0
21.16251534857645,79.08205388798237,8860961283fffff,02-07-22,5,1,5.0,16,1,16.0,0,4,0,1,0.0,4.0,0.0,1.0
21.16251534857645,79.08205388798237,8860961283fffff,02-08-22,2,1,2.0,16,1,16.0,0,1,0,1,0.0,1.0,0.0,1.0
21.155634534404793,79.09507902161691,8860961289fffff,02-01-22,9,1,9.0,45,3,15.0,1,5,0,3,1.0,5.0,0.0,3.0
21.155634534404793,79.09507902161691,8860961289fffff,02-03-22,9,2,4.5,45,3,15.0,1,8,0,0,0.5,4.0,0.0,0.0
21.155634534404793,79.09507902161691,8860961289fffff,02-04-22,7,1,7.0,45,3,15.0,0,4,1,2,0.0,4.0,1.0,2.0
21.155634534404793,79.09507902161691,8860961289fffff,02-05-22,8,2,4.0,45,3,15.0,1,6,0,1,0.5,3.0,0.0,0.5
21.155634534404793,79.09507902161691,8860961289fffff,02-06-22,7,1,7.0,45,3,15.0,1,4,0,2,1.0,4.0,0.0,2.0
21.155634534404793,79.09507902161691,8860961289fffff,02-08-22,5,1,5.0,45,3,15.0,0,4,0,1,0.0,4.0,0.0,1.0
21.155356728859275,79.08628287426153,886096128bfffff,02-01-22,3,1,3.0,34,3,11.333333333333334,0,1,0,2,0.0,1.0,0.0,2.0
21.155356728859275,79.08628287426153,886096128bfffff,02-02-22,2,1,2.0,34,3,11.333333333333334,0,0,0,2,0.0,0.0,0.0,2.0
21.155356728859275,79.08628287426153,886096128bfffff,02-03-22,10,2,5.0,34,3,11.333333333333334,1,3,2,4,0.5,1.5,1.0,2.0
21.155356728859275,79.08628287426153,886096128bfffff,02-04-22,7,1,7.0,34,3,11.333333333333334,1,3,0,3,1.0,3.0,0.0,3.0
21.155356728859275,79.08628287426153,886096128bfffff,02-05-22,6,2,3.0,34,3,11.333333333333334,2,2,1,1,1.0,1.0,0.5,0.5
21.155356728859275,79.08628287426153,886096128bfffff,02-06-22,3,1,3.0,34,3,11.333333333333334,0,2,1,0,0.0,2.0,1.0,0.0
21.155356728859275,79.08628287426153,886096128bfffff,02-08-22,3,1,3.0,34,3,11.333333333333334,0,2,0,1,0.0,2.0,0.0,1.0
21.147641485928386,79.07292158897812,8860961299fffff,02-01-22,6,4,1.5,78,5,15.6,1,5,0,0,0.25,1.25,0.0,0.0
21.147641485928386,79.07292158897812,8860961299fffff,02-02-22,6,2,3.0,78,5,15.6,0,5,1,0,0.0,2.5,0.5,0.0
21.147641485928386,79.07292158897812,8860961299fffff,02-03-22,14,5,2.8,78,5,15.6,1,9,0,4,0.2,1.8,0.0,0.8
21.147641485928386,79.07292158897812,8860961299fffff,02-04-22,16,5,3.2,78,5,15.6,0,14,0,2,0.0,2.8,0.0,0.4
21.147641485928386,79.07292158897812,8860961299fffff,02-05-22,12,4,3.0,78,5,15.6,3,7,1,1,0.75,1.75,0.25,0.25
21.147641485928386,79.07292158897812,8860961299fffff,02-06-22,10,5,2.0,78,5,15.6,3,6,0,1,0.6,1.2,0.0,0.2
21.147641485928386,79.07292158897812,8860961299fffff,02-07-22,6,4,1.5,78,5,15.6,0,5,1,0,0.0,1.25,0.25,0.0
21.147641485928386,79.07292158897812,8860961299fffff,02-08-22,8,2,4.0,78,5,15.6,1,7,0,0,0.5,3.5,0.0,0.0
21.147362903828828,79.0641276542765,886096129bfffff,02-01-22,1,1,1.0,52,4,13.0,0,0,1,0,0.0,0.0,1.0,0.0
21.147362903828828,79.0641276542765,886096129bfffff,02-02-22,10,1,10.0,52,4,13.0,1,7,0,2,1.0,7.0,0.0,2.0
21.147362903828828,79.0641276542765,886096129bfffff,02-03-22,9,2,4.5,52,4,13.0,2,4,0,3,1.0,2.0,0.0,1.5
21.147362903828828,79.0641276542765,886096129bfffff,02-04-22,8,2,4.0,52,4,13.0,0,5,0,3,0.0,2.5,0.0,1.5
21.147362903828828,79.0641276542765,886096129bfffff,02-05-22,4,1,4.0,52,4,13.0,1,3,0,0,1.0,3.0,0.0,0.0
21.147362903828828,79.0641276542765,886096129bfffff,02-06-22,7,2,3.5,52,4,13.0,2,4,0,1,1.0,2.0,0.0,0.5
21.147362903828828,79.0641276542765,886096129bfffff,02-07-22,9,2,4.5,52,4,13.0,1,7,0,1,0.5,3.5,0.0,0.5
21.147362903828828,79.0641276542765,886096129bfffff,02-08-22,4,1,4.0,52,4,13.0,0,3,0,1,0.0,3.0,0.0,1.0
21.155078492801824,79.0774875179153,886096129dfffff,02-01-22,1,1,1.0,54,4,13.5,0,1,0,0,0.0,1.0,0.0,0.0
21.155078492801824,79.0774875179153,886096129dfffff,02-03-22,9,4,2.25,54,4,13.5,1,3,1,4,0.25,0.75,0.25,1.0
21.155078492801824,79.0774875179153,886096129dfffff,02-04-22,14,4,3.5,54,4,13.5,3,8,0,3,0.75,2.0,0.0,0.75
21.155078492801824,79.0774875179153,886096129dfffff,02-05-22,8,3,2.6666666666666665,54,4,13.5,2,4,0,2,0.6666666666666666,1.3333333333333333,0.0,0.6666666666666666
21.155078492801824,79.0774875179153,886096129dfffff,02-06-22,10,4,2.5,54,4,13.5,0,4,1,5,0.0,1.0,0.25,1.25
21.155078492801824,79.0774875179153,886096129dfffff,02-07-22,6,2,3.0,54,4,13.5,0,5,0,1,0.0,2.5,0.0,0.5
21.155078492801824,79.0774875179153,886096129dfffff,02-08-22,6,2,3.0,54,4,13.5,1,1,0,4,0.5,0.5,0.0,2.0
21.16967321836758,79.07782487359341,88609612b9fffff,02-03-22,8,1,8.0,27,1,27.0,0,4,2,2,0.0,4.0,2.0,2.0
21.16967321836758,79.07782487359341,88609612b9fffff,02-04-22,7,1,7.0,27,1,27.0,0,5,1,1,0.0,5.0,1.0,1.0
21.16967321836758,79.07782487359341,88609612b9fffff,02-06-22,5,1,5.0,27,1,27.0,0,3,0,2,0.0,3.0,0.0,2.0
21.16967321836758,79.07782487359341,88609612b9fffff,02-07-22,5,1,5.0,27,1,27.0,2,2,0,1,2.0,2.0,0.0,1.0
21.16967321836758,79.07782487359341,88609612b9fffff,02-08-22,2,1,2.0,27,1,27.0,0,2,0,0,0.0,2.0,0.0,0.0
21.169393953242402,79.06902983938575,88609612bbfffff,02-03-22,11,1,11.0,34,1,34.0,3,5,2,1,3.0,5.0,2.0,1.0
21.169393953242402,79.06902983938575,88609612bbfffff,02-04-22,7,1,7.0,34,1,34.0,2,4,1,0,2.0,4.0,1.0,0.0
21.169393953242402,79.06902983938575,88609612bbfffff,02-06-22,5,1,5.0,34,1,34.0,0,5,0,0,0.0,5.0,0.0,0.0
21.169393953242402,79.06902983938575,88609612bbfffff,02-07-22,5,1,5.0,34,1,34.0,1,4,0,0,1.0,4.0,0.0,0.0
21.169393953242402,79.06902983938575,88609612bbfffff,02-08-22,6,1,6.0,34,1,34.0,1,3,2,0,1.0,3.0,2.0,0.0
21.14875151114526,79.10810523907861,88609612c1fffff,02-01-22,2,1,2.0,36,3,12.0,0,0,0,2,0.0,0.0,0.0,2.0
21.14875151114526,79.10810523907861,88609612c1fffff,02-02-22,3,1,3.0,36,3,12.0,0,1,0,2,0.0,1.0,0.0,2.0
21.14875151114526,79.10810523907861,88609612c1fffff,02-03-22,9,2,4.5,36,3,12.0,1,6,0,2,0.5,3.0,0.0,1.0
21.14875151114526,79.10810523907861,88609612c1fffff,02-04-22,5,1,5.0,36,3,12.0,1,4,0,0,1.0,4.0,0.0,0.0
21.14875151114526,79.10810523907861,88609612c1fffff,02-05-22,9,2,4.5,36,3,12.0,2,4,0,3,1.0,2.0,0.0,1.5
21.14875151114526,79.10810523907861,88609612c1fffff,02-06-22,5,1,5.0,36,3,12.0,1,2,0,2,1.0,2.0,0.0,2.0
21.14875151114526,79.10810523907861,88609612c1fffff,02-08-22,3,1,3.0,36,3,12.0,0,3,0,0,0.0,3.0,0.0,0.0
21.14847465058626,79.09930814047507,88609612c3fffff,02-01-22,5,1,5.0,40,3,13.333333333333334,0,5,0,0,0.0,5.0,0.0,0.0
21.14847465058626,79.09930814047507,88609612c3fffff,02-03-22,13,2,6.5,40,3,13.333333333333334,2,10,0,1,1.0,5.0,0.0,0.5
21.14847465058626,79.09930814047507,88609612c3fffff,02-04-22,4,1,4.0,40,3,13.333333333333334,0,4,0,0,0.0,4.0,0.0,0.0
21.14847465058626,79.09930814047507,88609612c3fffff,02-05-22,8,2,4.0,40,3,13.333333333333334,2,6,0,0,1.0,3.0,0.0,0.0
21.14847465058626,79.09930814047507,88609612c3fffff,02-06-22,4,1,4.0,40,3,13.333333333333334,1,2,0,1,1.0,2.0,0.0,1.0
21.14847465058626,79.09930814047507,88609612c3fffff,02-08-22,6,1,6.0,40,3,13.333333333333334,2,3,0,1,2.0,3.0,0.0,1.0
21.149027940984187,79.1169031278875,88609612cdfffff,02-01-22,6,1,6.0,65,3,21.666666666666668,1,1,0,4,1.0,1.0,0.0,4.0
21.149027940984187,79.1169031278875,88609612cdfffff,02-02-22,4,1,4.0,65,3,21.666666666666668,0,2,0,2,0.0,2.0,0.0,2.0
21.149027940984187,79.1169031278875,88609612cdfffff,02-03-22,19,2,9.5,65,3,21.666666666666668,4,9,0,6,2.0,4.5,0.0,3.0
21.149027940984187,79.1169031278875,88609612cdfffff,02-04-22,10,1,10.0,65,3,21.666666666666668,3,4,0,3,3.0,4.0,0.0,3.0
21.149027940984187,79.1169031278875,88609612cdfffff,02-05-22,11,2,5.5,65,3,21.666666666666668,1,6,0,4,0.5,3.0,0.0,2.0
21.149027940984187,79.1169031278875,88609612cdfffff,02-06-22,9,1,9.0,65,3,21.666666666666668,2,4,0,3,2.0,4.0,0.0,3.0
21.149027940984187,79.1169031278875,88609612cdfffff,02-08-22,6,1,6.0,65,3,21.666666666666668,0,3,0,3,0.0,3.0,0.0,3.0
21.14076003336075,79.08594508421527,88609612d1fffff,02-01-22,2,1,2.0,29,2,14.5,0,1,0,1,0.0,1.0,0.0,1.0
21.14076003336075,79.08594508421527,88609612d1fffff,02-03-22,5,1,5.0,29,2,14.5,0,3,0,2,0.0,3.0,0.0,2.0
21.14076003336075,79.08594508421527,88609612d1fffff,02-04-22,1,1,1.0,29,2,14.5,0,1,0,0,0.0,1.0,0.0,0.0
21.14076003336075,79.08594508421527,88609612d1fffff,02-05-22,8,2,4.0,29,2,14.5,1,7,0,0,0.5,3.5,0.0,0.0
21.14076003336075,79.08594508421527,88609612d1fffff,02-06-22,2,2,1.0,29,2,14.5,0,1,0,1,0.0,0.5,0.0,0.5
21.14076003336075,79.08594508421527,88609612d1fffff,02-07-22,9,2,4.5,29,2,14.5,0,6,0,3,0.0,3.0,0.0,1.5
21.14076003336075,79.08594508421527,88609612d1fffff,02-08-22,2,2,1.0,29,2,14.5,0,2,0,0,0.0,1.0,0.0,0.0
21.140482395915974,79.0771501970652,88609612d3fffff,02-01-22,7,3,2.3333333333333335,96,5,19.2,0,3,0,4,0.0,1.0,0.0,1.3333333333333333
21.140482395915974,79.0771501970652,88609612d3fffff,02-02-22,7,2,3.5,96,5,19.2,1,1,0,5,0.5,0.5,0.0,2.5
21.140482395915974,79.0771501970652,88609612d3fffff,02-03-22,11,3,3.6666666666666665,96,5,19.2,0,3,0,8,0.0,1.0,0.0,2.6666666666666665
21.140482395915974,79.0771501970652,88609612d3fffff,02-04-22,12,3,4.0,96,5,19.2,3,1,0,8,1.0,0.3333333333333333,0.0,2.6666666666666665
21.140482395915974,79.0771501970652,88609612d3fffff,02-05-22,19,5,3.8,96,5,19.2,2,4,0,13,0.4,0.8,0.0,2.6
21.140482395915974,79.0771501970652,88609612d3fffff,02-06-22,14,4,3.5,96,5,19.2,0,2,0,12,0.0,0.5,0.0,3.0
21.140482395915974,79.0771501970652,88609612d3fffff,02-07-22,15,4,3.75,96,5,19.2,0,1,0,14,0.0,0.25,0.0,3.5
21.140482395915974,79.0771501970652,88609612d3fffff,02-08-22,11,4,2.75,96,5,19.2,0,1,0,10,0.0,0.25,0.0,2.5
21.14819735944113,79.09051183238516,88609612d5fffff,02-01-22,5,1,5.0,50,4,12.5,0,0,0,5,0.0,0.0,0.0,5.0
21.14819735944113,79.09051183238516,88609612d5fffff,02-02-22,2,1,2.0,50,4,12.5,0,0,0,2,0.0,0.0,0.0,2.0
21.14819735944113,79.09051183238516,88609612d5fffff,02-03-22,10,3,3.3333333333333335,50,4,12.5,1,3,1,5,0.3333333333333333,1.0,0.3333333333333333,1.6666666666666667
21.14819735944113,79.09051183238516,88609612d5fffff,02-04-22,6,3,2.0,50,4,12.5,0,4,0,2,0.0,1.3333333333333333,0.0,0.6666666666666666
21.14819735944113,79.09051183238516,88609612d5fffff,02-05-22,11,4,2.75,50,4,12.5,3,2,0,6,0.75,0.5,0.0,1.5
21.14819735944113,79.09051183238516,88609612d5fffff,02-06-22,10,3,3.3333333333333335,50,4,12.5,0,3,0,7,0.0,1.0,0.0,2.3333333333333335
21.14819735944113,79.09051183238516,88609612d5fffff,02-07-22,4,1,4.0,50,4,12.5,0,0,0,4,0.0,0.0,0.0,4.0
21.14819735944113,79.09051183238516,88609612d5fffff,02-08-22,2,1,2.0,50,4,12.5,0,1,0,1,0.0,1.0,0.0,1.0
21.14791963784384,79.08171631511689,88609612d7fffff,02-01-22,11,3,3.6666666666666665,109,5,21.8,2,7,1,1,0.6666666666666666,2.3333333333333335,0.3333333333333333,0.3333333333333333
21.14791963784384,79.08171631511689,88609612d7fffff,02-02-22,3,1,3.0,109,5,21.8,0,3,0,0,0.0,3.0,0.0,0.0
21.14791963784384,79.08171631511689,88609612d7fffff,02-03-22,19,5,3.8,109,5,21.8,1,13,0,5,0.2,2.6,0.0,1.0
21.14791963784384,79.08171631511689,88609612d7fffff,02-04-22,13,3,4.333333333333333,109,5,21.8,2,9,2,0,0.6666666666666666,3.0,0.6666666666666666,0.0
21.14791963784384,79.08171631511689,88609612d7fffff,02-05-22,21,5,4.2,109,5,21.8,1,9,4,7,0.2,1.8,0.8,1.4
21.14791963784384,79.08171631511689,88609612d7fffff,02-06-22,19,4,4.75,109,5,21.8,1,9,3,6,0.25,2.25,0.75,1.5
21.14791963784384,79.08171631511689,88609612d7fffff,02-07-22,15,4,3.75,109,5,21.8,1,10,0,4,0.25,2.5,0.0,1.0
21.14791963784384,79.08171631511689,88609612d7fffff,02-08-22,8,3,2.6666666666666665,109,5,21.8,1,5,0,2,0.3333333333333333,1.6666666666666667,0.0,0.6666666666666666
21.14103724054715,79.09474076230742,88609612ddfffff,02-01-22,3,1,3.0,52,2,26.0,0,0,0,3,0.0,0.0,0.0,3.0
21.14103724054715,79.09474076230742,88609612ddfffff,02-03-22,6,1,6.0,52,2,26.0,0,1,0,5,0.0,1.0,0.0,5.0
21.14103724054715,79.09474076230742,88609612ddfffff,02-04-22,9,2,4.5,52,2,26.0,0,1,0,8,0.0,0.5,0.0,4.0
21.14103724054715,79.09474076230742,88609612ddfffff,02-05-22,9,2,4.5,52,2,26.0,0,1,0,8,0.0,0.5,0.0,4.0
21.14103724054715,79.09474076230742,88609612ddfffff,02-06-22,9,2,4.5,52,2,26.0,0,4,0,5,0.0,2.0,0.0,2.5
21.14103724054715,79.09474076230742,88609612ddfffff,02-07-22,10,2,5.0,52,2,26.0,0,1,0,9,0.0,0.5,0.0,4.5
21.14103724054715,79.09474076230742,88609612ddfffff,02-08-22,6,2,3.0,52,2,26.0,0,1,0,5,0.0,0.5,0.0,2.5
21.240356087667752,79.00915532186531,8860961525fffff,02-06-22,1,1,1.0,1,1,1.0,0,0,0,1,0.0,0.0,0.0,1.0
21.13824582314428,79.00681961066117,8860961625fffff,02-01-22,1,1,1.0,1,1,1.0,1,0,0,0,1.0,0.0,0.0,0.0
21.11677640928799,79.01950138665133,8860961661fffff,02-01-22,1,1,1.0,12,5,2.4,0,0,0,1,0.0,0.0,0.0,1.0
21.11677640928799,79.01950138665133,8860961661fffff,02-03-22,2,2,1.0,12,5,2.4,0,2,0,0,0.0,1.0,0.0,0.0
21.11677640928799,79.01950138665133,8860961661fffff,02-04-22,1,1,1.0,12,5,2.4,0,1,0,0,0.0,1.0,0.0,0.0
21.11677640928799,79.01950138665133,8860961661fffff,02-05-22,2,2,1.0,12,5,2.4,0,1,1,0,0.0,0.5,0.5,0.0
21.11677640928799,79.01950138665133,8860961661fffff,02-06-22,3,2,1.5,12,5,2.4,0,1,0,2,0.0,0.5,0.0,1.0
21.11677640928799,79.01950138665133,8860961661fffff,02-07-22,1,1,1.0,12,5,2.4,0,0,0,1,0.0,0.0,0.0,1.0
21.11677640928799,79.01950138665133,8860961661fffff,02-08-22,2,2,1.0,12,5,2.4,1,0,0,1,0.5,0.0,0.0,0.5
21.124213674877534,79.02406302860629,8860961665fffff,02-01-22,1,1,1.0,12,5,2.4,1,0,0,0,1.0,0.0,0.0,0.0
21.124213674877534,79.02406302860629,8860961665fffff,02-03-22,3,2,1.5,12,5,2.4,1,1,1,0,0.5,0.5,0.5,0.0
21.124213674877534,79.02406302860629,8860961665fffff,02-04-22,3,2,1.5,12,5,2.4,1,0,2,0,0.5,0.0,1.0,0.0
21.124213674877534,79.02406302860629,8860961665fffff,02-05-22,2,2,1.0,12,5,2.4,0,1,1,0,0.0,0.5,0.5,0.0
21.124213674877534,79.02406302860629,8860961665fffff,02-06-22,1,1,1.0,12,5,2.4,0,0,1,0,0.0,0.0,1.0,0.0
21.124213674877534,79.02406302860629,8860961665fffff,02-07-22,1,1,1.0,12,5,2.4,0,0,1,0,0.0,0.0,1.0,0.0
21.124213674877534,79.02406302860629,8860961665fffff,02-08-22,1,1,1.0,12,5,2.4,0,0,1,0,0.0,0.0,1.0,0.0
21.117055939426045,79.02829042214124,886096166dfffff,02-01-22,1,1,1.0,5,3,1.6666666666666667,0,1,0,0,0.0,1.0,0.0,0.0
21.117055939426045,79.02829042214124,886096166dfffff,02-03-22,3,2,1.5,5,3,1.6666666666666667,1,2,0,0,0.5,1.0,0.0,0.0
21.117055939426045,79.02829042214124,886096166dfffff,02-04-22,1,1,1.0,5,3,1.6666666666666667,0,0,1,0,0.0,0.0,1.0,0.0
21.16055506012074,79.02050415304616,8860961703fffff,02-07-22,1,1,1.0,1,1,1.0,0,1,0,0,0.0,1.0,0.0,0.0
21.153680859530038,79.03352261208633,8860961709fffff,02-01-22,1,1,1.0,19,1,19.0,0,0,1,0,0.0,0.0,1.0,0.0
21.153680859530038,79.03352261208633,8860961709fffff,02-02-22,3,1,3.0,19,1,19.0,1,1,1,0,1.0,1.0,1.0,0.0
21.153680859530038,79.03352261208633,8860961709fffff,02-03-22,3,1,3.0,19,1,19.0,0,3,0,0,0.0,3.0,0.0,0.0
21.153680859530038,79.03352261208633,8860961709fffff,02-04-22,1,1,1.0,19,1,19.0,0,1,0,0,0.0,1.0,0.0,0.0
21.153680859530038,79.03352261208633,8860961709fffff,02-05-22,3,1,3.0,19,1,19.0,0,2,1,0,0.0,2.0,1.0,0.0
21.153680859530038,79.03352261208633,8860961709fffff,02-06-22,3,1,3.0,19,1,19.0,0,2,1,0,0.0,2.0,1.0,0.0
21.153680859530038,79.03352261208633,8860961709fffff,02-07-22,4,1,4.0,19,1,19.0,0,4,0,0,0.0,4.0,0.0,0.0
21.153680859530038,79.03352261208633,8860961709fffff,02-08-22,1,1,1.0,19,1,19.0,0,1,0,0,0.0,1.0,0.0,0.0
21.15340004321839,79.02473200825104,886096170bfffff,02-01-22,1,1,1.0,35,1,35.0,0,0,1,0,0.0,0.0,1.0,0.0
21.15340004321839,79.02473200825104,886096170bfffff,02-02-22,4,1,4.0,35,1,35.0,0,3,1,0,0.0,3.0,1.0,0.0
21.15340004321839,79.02473200825104,886096170bfffff,02-03-22,7,1,7.0,35,1,35.0,0,7,0,0,0.0,7.0,0.0,0.0
21.15340004321839,79.02473200825104,886096170bfffff,02-04-22,5,1,5.0,35,1,35.0,0,4,1,0,0.0,4.0,1.0,0.0
21.15340004321839,79.02473200825104,886096170bfffff,02-05-22,4,1,4.0,35,1,35.0,1,2,1,0,1.0,2.0,1.0,0.0
21.15340004321839,79.02473200825104,886096170bfffff,02-06-22,3,1,3.0,35,1,35.0,0,3,0,0,0.0,3.0,0.0,0.0
21.15340004321839,79.02473200825104,886096170bfffff,02-07-22,6,1,6.0,35,1,35.0,0,4,2,0,0.0,4.0,2.0,0.0
21.15340004321839,79.02473200825104,886096170bfffff,02-08-22,5,1,5.0,35,1,35.0,1,3,1,0,1.0,3.0,1.0,0.0
21.152837122012556,79.00715318036455,8860961711fffff,02-01-22,1,1,1.0,62,1,62.0,0,0,1,0,0.0,0.0,1.0,0.0
21.152837122012556,79.00715318036455,8860961711fffff,02-02-22,6,1,6.0,62,1,62.0,1,3,1,1,1.0,3.0,1.0,1.0
21.152837122012556,79.00715318036455,8860961711fffff,02-03-22,10,1,10.0,62,1,62.0,0,2,4,4,0.0,2.0,4.0,4.0
21.152837122012556,79.00715318036455,8860961711fffff,02-04-22,13,1,13.0,62,1,62.0,0,7,4,2,0.0,7.0,4.0,2.0
21.152837122012556,79.00715318036455,8860961711fffff,02-05-22,9,1,9.0,62,1,62.0,1,4,2,2,1.0,4.0,2.0,2.0
21.152837122012556,79.00715318036455,8860961711fffff,02-06-22,10,1,10.0,62,1,62.0,1,5,2,2,1.0,5.0,2.0,2.0
21.152837122012556,79.00715318036455,8860961711fffff,02-07-22,8,1,8.0,62,1,62.0,0,2,4,2,0.0,2.0,4.0,2.0
21.152837122012556,79.00715318036455,8860961711fffff,02-08-22,5,1,5.0,62,1,62.0,0,1,2,2,0.0,1.0,2.0,2.0
21.15255501738723,78.99836495692583,8860961713fffff,02-07-22,1,1,1.0,1,1,1.0,0,0,0,1,0.0,0.0,0.0,1.0
21.16027329931166,79.01171450470059,8860961715fffff,02-01-22,1,1,1.0,37,1,37.0,0,0,1,0,0.0,0.0,1.0,0.0
21.16027329931166,79.01171450470059,8860961715fffff,02-02-22,5,1,5.0,37,1,37.0,0,0,4,1,0.0,0.0,4.0,1.0
21.16027329931166,79.01171450470059,8860961715fffff,02-03-22,8,1,8.0,37,1,37.0,1,4,2,1,1.0,4.0,2.0,1.0
21.16027329931166,79.01171450470059,8860961715fffff,02-04-22,3,1,3.0,37,1,37.0,0,2,1,0,0.0,2.0,1.0,0.0
21.16027329931166,79.01171450470059,8860961715fffff,02-05-22,3,1,3.0,37,1,37.0,0,1,1,1,0.0,1.0,1.0,1.0
21.16027329931166,79.01171450470059,8860961715fffff,02-06-22,6,1,6.0,37,1,37.0,0,1,4,1,0.0,1.0,4.0,1.0
21.16027329931166,79.01171450470059,8860961715fffff,02-07-22,6,1,6.0,37,1,37.0,0,1,4,1,0.0,1.0,4.0,1.0
21.16027329931166,79.01171450470059,8860961715fffff,02-08-22,5,1,5.0,37,1,37.0,0,0,5,0,0.0,0.0,5.0,0.0
21.145400795248236,79.00259229740385,886096171bfffff,02-08-22,1,1,1.0,1,1,1.0,0,0,0,1,0.0,0.0,0.0,1.0
21.153118797334432,79.01594219757501,886096171dfffff,02-01-22,1,1,1.0,52,1,52.0,0,0,1,0,0.0,0.0,1.0,0.0
21.153118797334432,79.01594219757501,886096171dfffff,02-02-22,8,1,8.0,52,1,52.0,0,3,5,0,0.0,3.0,5.0,0.0
21.153118797334432,79.01594219757501,886096171dfffff,02-03-22,6,1,6.0,52,1,52.0,0,2,4,0,0.0,2.0,4.0,0.0
21.153118797334432,79.01594219757501,886096171dfffff,02-04-22,7,1,7.0,52,1,52.0,0,4,3,0,0.0,4.0,3.0,0.0
21.153118797334432,79.01594219757501,886096171dfffff,02-05-22,9,1,9.0,52,1,52.0,1,3,5,0,1.0,3.0,5.0,0.0
21.153118797334432,79.01594219757501,886096171dfffff,02-06-22,5,1,5.0,52,1,52.0,0,3,2,0,0.0,3.0,2.0,0.0
21.153118797334432,79.01594219757501,886096171dfffff,02-07-22,9,1,9.0,52,1,52.0,2,4,3,0,2.0,4.0,3.0,0.0
21.153118797334432,79.01594219757501,886096171dfffff,02-08-22,7,1,7.0,52,1,52.0,0,2,3,2,0.0,2.0,3.0,2.0
21.174580052092598,79.00325903702212,8860961733fffff,02-03-22,1,1,1.0,8,1,8.0,0,0,0,1,0.0,0.0,0.0,1.0
21.174580052092598,79.00325903702212,8860961733fffff,02-04-22,3,1,3.0,8,1,8.0,0,0,0,3,0.0,0.0,0.0,3.0
21.174580052092598,79.00325903702212,8860961733fffff,02-06-22,2,1,2.0,8,1,8.0,0,0,0,2,0.0,0.0,0.0,2.0
21.174580052092598,79.00325903702212,8860961733fffff,02-07-22,1,1,1.0,8,1,8.0,0,0,0,1,0.0,0.0,0.0,1.0
21.174580052092598,79.00325903702212,8860961733fffff,02-08-22,1,1,1.0,8,1,8.0,1,0,0,0,1.0,0.0,0.0,0.0
21.16770932675516,79.01627627041815,8860961739fffff,02-02-22,3,1,3.0,24,1,24.0,0,2,1,0,0.0,2.0,1.0,0.0
21.16770932675516,79.01627627041815,8860961739fffff,02-03-22,8,1,8.0,24,1,24.0,0,2,2,4,0.0,2.0,2.0,4.0
21.16770932675516,79.01627627041815,8860961739fffff,02-04-22,2,1,2.0,24,1,24.0,0,0,0,2,0.0,0.0,0.0,2.0
21.16770932675516,79.01627627041815,8860961739fffff,02-05-22,1,1,1.0,24,1,24.0,0,1,0,0,0.0,1.0,0.0,0.0
21.16770932675516,79.01627627041815,8860961739fffff,02-06-22,1,1,1.0,24,1,24.0,0,1,0,0,0.0,1.0,0.0,0.0
21.16770932675516,79.01627627041815,8860961739fffff,02-07-22,2,1,2.0,24,1,24.0,0,1,1,0,0.0,1.0,1.0,0.0
21.16770932675516,79.01627627041815,8860961739fffff,02-08-22,7,1,7.0,24,1,24.0,0,2,2,3,0.0,2.0,2.0,3.0
21.167427050972424,79.00748678450103,886096173bfffff,02-03-22,2,1,2.0,12,1,12.0,0,0,0,2,0.0,0.0,0.0,2.0
21.167427050972424,79.00748678450103,886096173bfffff,02-04-22,3,1,3.0,12,1,12.0,0,0,0,3,0.0,0.0,0.0,3.0
21.167427050972424,79.00748678450103,886096173bfffff,02-05-22,2,1,2.0,12,1,12.0,0,0,0,2,0.0,0.0,0.0,2.0
21.167427050972424,79.00748678450103,886096173bfffff,02-06-22,1,1,1.0,12,1,12.0,0,0,0,1,0.0,0.0,0.0,1.0
21.167427050972424,79.00748678450103,886096173bfffff,02-07-22,1,1,1.0,12,1,12.0,0,0,0,1,0.0,0.0,0.0,1.0
21.167427050972424,79.00748678450103,886096173bfffff,02-08-22,3,1,3.0,12,1,12.0,0,0,0,3,0.0,0.0,0.0,3.0
21.146804449613896,79.0465421604142,8860961741fffff,02-01-22,2,1,2.0,47,1,47.0,0,1,1,0,0.0,1.0,1.0,0.0
21.146804449613896,79.0465421604142,8860961741fffff,02-02-22,7,1,7.0,47,1,47.0,3,3,1,0,3.0,3.0,1.0,0.0
21.146804449613896,79.0465421604142,8860961741fffff,02-03-22,8,1,8.0,47,1,47.0,0,8,0,0,0.0,8.0,0.0,0.0
21.146804449613896,79.0465421604142,8860961741fffff,02-04-22,5,1,5.0,47,1,47.0,1,4,0,0,1.0,4.0,0.0,0.0
21.146804449613896,79.0465421604142,8860961741fffff,02-05-22,6,1,6.0,47,1,47.0,2,4,0,0,2.0,4.0,0.0,0.0
21.146804449613896,79.0465421604142,8860961741fffff,02-06-22,5,1,5.0,47,1,47.0,0,5,0,0,0.0,5.0,0.0,0.0
21.146804449613896,79.0465421604142,8860961741fffff,02-07-22,8,1,8.0,47,1,47.0,1,5,1,1,1.0,5.0,1.0,1.0
21.146804449613896,79.0465421604142,8860961741fffff,02-08-22,6,1,6.0,47,1,47.0,2,4,0,0,2.0,4.0,0.0,0.0
21.14652457776689,79.03775060186778,8860961743fffff,02-02-22,8,1,8.0,36,1,36.0,1,4,3,0,1.0,4.0,3.0,0.0
21.14652457776689,79.03775060186778,8860961743fffff,02-03-22,3,1,3.0,36,1,36.0,0,0,3,0,0.0,0.0,3.0,0.0
21.14652457776689,79.03775060186778,8860961743fffff,02-04-22,7,1,7.0,36,1,36.0,0,4,2,1,0.0,4.0,2.0,1.0
21.14652457776689,79.03775060186778,8860961743fffff,02-05-22,5,1,5.0,36,1,36.0,0,5,0,0,0.0,5.0,0.0,0.0
21.14652457776689,79.03775060186778,8860961743fffff,02-06-22,5,1,5.0,36,1,36.0,1,3,1,0,1.0,3.0,1.0,0.0
21.14652457776689,79.03775060186778,8860961743fffff,02-07-22,2,1,2.0,36,1,36.0,0,2,0,0,0.0,2.0,0.0,0.0
21.14652457776689,79.03775060186778,8860961743fffff,02-08-22,6,1,6.0,36,1,36.0,1,3,1,1,1.0,3.0,1.0,1.0
21.147083891679287,79.05533451131944,886096174dfffff,02-01-22,1,1,1.0,41,1,41.0,0,1,0,0,0.0,1.0,0.0,0.0
21.147083891679287,79.05533451131944,886096174dfffff,02-02-22,9,1,9.0,41,1,41.0,2,5,1,1,2.0,5.0,1.0,1.0
21.147083891679287,79.05533451131944,886096174dfffff,02-03-22,8,1,8.0,41,1,41.0,0,6,0,2,0.0,6.0,0.0,2.0
21.147083891679287,79.05533451131944,886096174dfffff,02-04-22,4,1,4.0,41,1,41.0,0,3,0,1,0.0,3.0,0.0,1.0
21.147083891679287,79.05533451131944,886096174dfffff,02-05-22,5,1,5.0,41,1,41.0,1,4,0,0,1.0,4.0,0.0,0.0
21.147083891679287,79.05533451131944,886096174dfffff,02-06-22,7,1,7.0,41,1,41.0,1,4,0,2,1.0,4.0,0.0,2.0
21.147083891679287,79.05533451131944,886096174dfffff,02-07-22,6,1,6.0,41,1,41.0,1,5,0,0,1.0,5.0,0.0,0.0
21.147083891679287,79.05533451131944,886096174dfffff,02-08-22,1,1,1.0,41,1,41.0,0,1,0,0,0.0,1.0,0.0,0.0
21.1462442762725,79.02895983598704,8860961755fffff,02-02-22,2,1,2.0,4,1,4.0,0,1,1,0,0.0,1.0,1.0,0.0
21.1462442762725,79.02895983598704,8860961755fffff,02-06-22,1,1,1.0,4,1,4.0,1,0,0,0,1.0,0.0,0.0,0.0
21.1462442762725,79.02895983598704,8860961755fffff,02-07-22,1,1,1.0,4,1,4.0,0,1,0,0,0.0,1.0,0.0,0.0
21.17627034798619,79.05600687703729,8860961765fffff,02-01-22,1,1,1.0,25,1,25.0,0,0,0,1,0.0,0.0,0.0,1.0
21.17627034798619,79.05600687703729,8860961765fffff,02-03-22,7,1,7.0,25,1,25.0,1,2,0,4,1.0,2.0,0.0,4.0
21.17627034798619,79.05600687703729,8860961765fffff,02-04-22,5,1,5.0,25,1,25.0,1,1,1,2,1.0,1.0,1.0,2.0
21.17627034798619,79.05600687703729,8860961765fffff,02-06-22,6,1,6.0,25,1,25.0,1,2,0,3,1.0,2.0,0.0,3.0
21.17627034798619,79.05600687703729,8860961765fffff,02-07-22,3,1,3.0,25,1,25.0,0,1,0,2,0.0,1.0,0.0,2.0
21.17627034798619,79.05600687703729,8860961765fffff,02-08-22,3,1,3.0,25,1,25.0,0,0,0,3,0.0,0.0,0.0,3.0
21.16911425762016,79.0602355968698,886096176dfffff,02-03-22,7,1,7.0,19,1,19.0,1,2,4,0,1.0,2.0,4.0,0.0
21.16911425762016,79.0602355968698,886096176dfffff,02-04-22,4,1,4.0,19,1,19.0,0,2,2,0,0.0,2.0,2.0,0.0
21.16911425762016,79.0602355968698,886096176dfffff,02-06-22,2,1,2.0,19,1,19.0,0,2,0,0,0.0,2.0,0.0,0.0
21.16911425762016,79.0602355968698,886096176dfffff,02-07-22,5,1,5.0,19,1,19.0,0,4,0,1,0.0,4.0,0.0,1.0
21.16911425762016,79.0602355968698,886096176dfffff,02-08-22,1,1,1.0,19,1,19.0,1,0,0,0,1.0,0.0,0.0,0.0
21.116733083913434,79.2525045395448,886096880dfffff,02-03-22,1,1,1.0,1,1,1.0,0,0,0,1,0.0,0.0,0.0,1.0
21.115927032790314,79.22608013129954,8860968815fffff,02-03-22,1,1,1.0,1,1,1.0,0,0,0,1,0.0,0.0,0.0,1.0
21.130536015031165,79.2264253662527,8860968831fffff,02-03-22,1,1,1.0,1,1,1.0,0,0,0,1,0.0,0.0,0.0,1.0
21.13770482623355,79.222194263814,8860968837fffff,02-03-22,2,1,2.0,2,1,2.0,0,0,0,2,0.0,0.0,0.0,2.0
21.09414515842697,79.22996557020849,8860968853fffff,02-01-22,1,1,1.0,3,1,3.0,0,0,0,1,0.0,0.0,0.0,1.0
21.09414515842697,79.22996557020849,8860968853fffff,02-06-22,2,1,2.0,3,1,3.0,1,0,0,1,1.0,0.0,0.0,1.0
21.087240382892237,79.24300337441113,8860968859fffff,02-01-22,1,1,1.0,11,1,11.0,0,1,0,0,0.0,1.0,0.0,0.0
21.087240382892237,79.24300337441113,8860968859fffff,02-02-22,2,1,2.0,11,1,11.0,0,0,0,2,0.0,0.0,0.0,2.0
21.087240382892237,79.24300337441113,8860968859fffff,02-03-22,2,1,2.0,11,1,11.0,0,0,0,2,0.0,0.0,0.0,2.0
21.087240382892237,79.24300337441113,8860968859fffff,02-04-22,1,1,1.0,11,1,11.0,0,0,0,1,0.0,0.0,0.0,1.0
21.087240382892237,79.24300337441113,8860968859fffff,02-05-22,2,1,2.0,11,1,11.0,0,0,0,2,0.0,0.0,0.0,2.0
21.087240382892237,79.24300337441113,8860968859fffff,02-08-22,3,1,3.0,11,1,11.0,0,1,0,2,0.0,1.0,0.0,2.0
21.086972888428367,79.23419617867056,886096885bfffff,02-03-22,1,1,1.0,2,1,2.0,0,1,0,0,0.0,1.0,0.0,0.0
21.086972888428367,79.23419617867056,886096885bfffff,02-06-22,1,1,1.0,2,1,2.0,0,1,0,0,0.0,1.0,0.0,0.0
21.117000903231222,79.2613142458908,886096886bfffff,02-03-22,1,1,1.0,1,1,1.0,0,0,0,1,0.0,0.0,0.0,1.0
21.124708117553332,79.27470418299013,886096886dfffff,02-03-22,1,1,1.0,1,1,1.0,0,1,0,0,0.0,1.0,0.0,0.0
21.11457497832936,79.18205517219815,8860968881fffff,02-01-22,2,1,2.0,21,1,21.0,1,0,0,1,1.0,0.0,0.0,1.0
21.11457497832936,79.18205517219815,8860968881fffff,02-03-22,4,1,4.0,21,1,21.0,1,1,0,2,1.0,1.0,0.0,2.0
21.11457497832936,79.18205517219815,8860968881fffff,02-04-22,2,1,2.0,21,1,21.0,0,2,0,0,0.0,2.0,0.0,0.0
21.11457497832936,79.18205517219815,8860968881fffff,02-05-22,6,1,6.0,21,1,21.0,0,3,1,2,0.0,3.0,1.0,2.0
21.11457497832936,79.18205517219815,8860968881fffff,02-06-22,2,1,2.0,21,1,21.0,0,0,0,2,0.0,0.0,0.0,2.0
21.11457497832936,79.18205517219815,8860968881fffff,02-08-22,5,1,5.0,21,1,21.0,0,1,0,4,0.0,1.0,0.0,4.0
21.121742204402874,79.17782507885018,8860968887fffff,02-01-22,1,1,1.0,11,1,11.0,0,1,0,0,0.0,1.0,0.0,0.0
21.121742204402874,79.17782507885018,8860968887fffff,02-03-22,1,1,1.0,11,1,11.0,0,0,0,1,0.0,0.0,0.0,1.0
21.121742204402874,79.17782507885018,8860968887fffff,02-04-22,2,1,2.0,11,1,11.0,1,1,0,0,1.0,1.0,0.0,0.0
21.121742204402874,79.17782507885018,8860968887fffff,02-05-22,2,1,2.0,11,1,11.0,0,1,0,1,0.0,1.0,0.0,1.0
21.121742204402874,79.17782507885018,8860968887fffff,02-06-22,1,1,1.0,11,1,11.0,0,0,0,1,0.0,0.0,0.0,1.0
21.121742204402874,79.17782507885018,8860968887fffff,02-08-22,4,1,4.0,11,1,11.0,0,3,0,1,0.0,3.0,0.0,1.0
21.11484625219292,79.19085859043791,886096888dfffff,02-02-22,2,1,2.0,6,1,6.0,2,0,0,0,2.0,0.0,0.0,0.0
21.11484625219292,79.19085859043791,886096888dfffff,02-03-22,3,1,3.0,6,1,6.0,2,1,0,0,2.0,1.0,0.0,0.0
21.11484625219292,79.19085859043791,886096888dfffff,02-04-22,1,1,1.0,6,1,6.0,0,0,0,1,0.0,0.0,0.0,1.0
21.099152986213046,79.15530820294163,886096889bfffff,02-01-22,1,1,1.0,3,1,3.0,0,0,0,1,0.0,0.0,0.0,1.0
21.099152986213046,79.15530820294163,886096889bfffff,02-03-22,1,1,1.0,3,1,3.0,0,0,0,1,0.0,0.0,0.0,1.0
21.099152986213046,79.15530820294163,886096889bfffff,02-06-22,1,1,1.0,3,1,3.0,0,1,0,0,0.0,1.0,0.0,0.0
21.144058084273663,79.1915453352851,88609688a5fffff,02-03-22,1,1,1.0,1,1,1.0,0,0,1,0,0.0,0.0,1.0,0.0
21.143785618758503,79.18274097719808,88609688a7fffff,02-03-22,2,1,2.0,2,1,2.0,0,1,1,0,0.0,1.0,1.0,0.0
21.136891562124926,79.19577599254835,88609688adfffff,02-03-22,3,1,3.0,3,1,3.0,0,1,2,0,0.0,1.0,2.0,0.0
21.12863594971054,79.1647926434571,88609688b1fffff,02-01-22,1,1,1.0,15,1,15.0,0,0,0,1,0.0,0.0,0.0,1.0
21.12863594971054,79.1647926434571,88609688b1fffff,02-02-22,2,1,2.0,15,1,15.0,0,0,0,2,0.0,0.0,0.0,2.0
21.12863594971054,79.1647926434571,88609688b1fffff,02-03-22,3,1,3.0,15,1,15.0,0,0,0,3,0.0,0.0,0.0,3.0
21.12863594971054,79.1647926434571,88609688b1fffff,02-04-22,1,1,1.0,15,1,15.0,0,0,0,1,0.0,0.0,0.0,1.0
21.12863594971054,79.1647926434571,88609688b1fffff,02-05-22,1,1,1.0,15,1,15.0,0,0,0,1,0.0,0.0,0.0,1.0
21.12863594971054,79.1647926434571,88609688b1fffff,02-06-22,3,1,3.0,15,1,15.0,0,1,0,2,0.0,1.0,0.0,2.0
21.12863594971054,79.1647926434571,88609688b1fffff,02-08-22,4,1,4.0,15,1,15.0,0,0,0,4,0.0,0.0,0.0,4.0
21.136074411801957,79.1693648046878,88609688b5fffff,02-02-22,2,1,2.0,12,1,12.0,0,0,0,2,0.0,0.0,0.0,2.0
21.136074411801957,79.1693648046878,88609688b5fffff,02-03-22,3,1,3.0,12,1,12.0,1,0,0,2,1.0,0.0,0.0,2.0
21.136074411801957,79.1693648046878,88609688b5fffff,02-05-22,1,1,1.0,12,1,12.0,0,1,0,0,0.0,1.0,0.0,0.0
21.136074411801957,79.1693648046878,88609688b5fffff,02-06-22,2,1,2.0,12,1,12.0,0,1,0,1,0.0,1.0,0.0,1.0
21.136074411801957,79.1693648046878,88609688b5fffff,02-08-22,4,1,4.0,12,1,12.0,3,0,0,1,3.0,0.0,0.0,1.0
21.1358011653801,79.16056265093833,88609688b7fffff,02-01-22,3,1,3.0,23,1,23.0,1,0,0,2,1.0,0.0,0.0,2.0
21.1358011653801,79.16056265093833,88609688b7fffff,02-02-22,2,1,2.0,23,1,23.0,0,0,0,2,0.0,0.0,0.0,2.0
21.1358011653801,79.16056265093833,88609688b7fffff,02-03-22,3,1,3.0,23,1,23.0,1,2,0,0,1.0,2.0,0.0,0.0
21.1358011653801,79.16056265093833,88609688b7fffff,02-04-22,6,1,6.0,23,1,23.0,1,2,0,3,1.0,2.0,0.0,3.0
21.1358011653801,79.16056265093833,88609688b7fffff,02-05-22,3,1,3.0,23,1,23.0,1,1,0,1,1.0,1.0,0.0,1.0
21.1358011653801,79.16056265093833,88609688b7fffff,02-06-22,4,1,4.0,23,1,23.0,1,0,0,3,1.0,0.0,0.0,3.0
21.1358011653801,79.16056265093833,88609688b7fffff,02-08-22,2,1,2.0,23,1,23.0,0,1,0,1,0.0,1.0,0.0,1.0
21.12146998559051,79.1690226069493,88609688b9fffff,02-01-22,2,1,2.0,6,1,6.0,0,1,0,1,0.0,1.0,0.0,1.0
21.12146998559051,79.1690226069493,88609688b9fffff,02-05-22,2,1,2.0,6,1,6.0,0,1,0,1,0.0,1.0,0.0,1.0
21.12146998559051,79.1690226069493,88609688b9fffff,02-08-22,2,1,2.0,6,1,6.0,1,1,0,0,1.0,1.0,0.0,0.0
21.128908682302583,79.17359495633146,88609688bdfffff,02-01-22,2,1,2.0,8,1,8.0,0,2,0,0,0.0,2.0,0.0,0.0
21.128908682302583,79.17359495633146,88609688bdfffff,02-04-22,2,1,2.0,8,1,8.0,0,1,0,1,0.0,1.0,0.0,1.0
21.128908682302583,79.17359495633146,88609688bdfffff,02-05-22,2,1,2.0,8,1,8.0,1,0,0,1,1.0,0.0,0.0,1.0
21.128908682302583,79.17359495633146,88609688bdfffff,02-08-22,2,1,2.0,8,1,8.0,0,0,0,2,0.0,0.0,0.0,2.0
21.10050852924548,79.19931900662317,88609688c1fffff,02-01-22,3,1,3.0,7,1,7.0,0,1,1,1,0.0,1.0,1.0,1.0
21.10050852924548,79.19931900662317,88609688c1fffff,02-03-22,2,1,2.0,7,1,7.0,1,0,1,0,1.0,0.0,1.0,0.0
21.10050852924548,79.19931900662317,88609688c1fffff,02-05-22,1,1,1.0,7,1,7.0,0,1,0,0,0.0,1.0,0.0,0.0
21.10050852924548,79.19931900662317,88609688c1fffff,02-06-22,1,1,1.0,7,1,7.0,0,0,1,0,0.0,0.0,1.0,0.0
21.10767776455409,79.19508881321092,88609688c7fffff,02-02-22,1,1,1.0,13,1,13.0,0,0,0,1,0.0,0.0,0.0,1.0
21.10767776455409,79.19508881321092,88609688c7fffff,02-03-22,4,1,4.0,13,1,13.0,0,1,0,3,0.0,1.0,0.0,3.0
21.10767776455409,79.19508881321092,88609688c7fffff,02-04-22,2,1,2.0,13,1,13.0,0,2,0,0,0.0,2.0,0.0,0.0
21.10767776455409,79.19508881321092,88609688c7fffff,02-05-22,2,1,2.0,13,1,13.0,0,1,0,1,0.0,1.0,0.0,1.0
21.10767776455409,79.19508881321092,88609688c7fffff,02-06-22,1,1,1.0,13,1,13.0,1,0,0,0,1.0,0.0,0.0,0.0
21.10767776455409,79.19508881321092,88609688c7fffff,02-08-22,3,1,3.0,13,1,13.0,0,1,0,2,0.0,1.0,0.0,2.0
21.10077834469246,79.20812352877168,88609688cdfffff,02-02-22,1,1,1.0,5,1,5.0,0,0,0,1,0.0,0.0,0.0,1.0
21.10077834469246,79.20812352877168,88609688cdfffff,02-03-22,1,1,1.0,5,1,5.0,1,0,0,0,1.0,0.0,0.0,0.0
21.10077834469246,79.20812352877168,88609688cdfffff,02-04-22,1,1,1.0,5,1,5.0,0,0,0,1,0.0,0.0,0.0,1.0
21.10077834469246,79.20812352877168,88609688cdfffff,02-05-22,1,1,1.0,5,1,5.0,0,0,1,0,0.0,0.0,1.0,0.0
21.10077834469246,79.20812352877168,88609688cdfffff,02-08-22,1,1,1.0,5,1,5.0,0,1,0,0,0.0,1.0,0.0,0.0
21.1470266727076,79.28844516327234,886096894bfffff,02-03-22,3,1,3.0,3,1,3.0,1,0,0,2,1.0,0.0,0.0,2.0
21.13931968142318,79.275052022994,8860968959fffff,02-03-22,1,1,1.0,1,1,1.0,0,0,1,0,0.0,0.0,1.0,0.0
21.139051620614516,79.26624043403527,886096895bfffff,02-03-22,1,1,1.0,1,1,1.0,0,0,1,0,0.0,0.0,1.0,0.0
21.145143626376857,79.22677063686375,88609689cbfffff,02-03-22,1,1,1.0,1,1,1.0,0,0,1,0,0.0,0.0,1.0,0.0
21.14460171958338,79.20915641284938,88609689d1fffff,02-03-22,3,1,3.0,3,1,3.0,0,0,3,0,0.0,0.0,3.0,0.0
21.144330117926387,79.20035048060566,88609689d3fffff,02-03-22,2,1,2.0,2,1,2.0,0,1,1,0,0.0,1.0,1.0,0.0
21.13743417022108,79.21338738686453,88609689d9fffff,02-03-22,1,1,1.0,1,1,1.0,0,0,1,0,0.0,0.0,1.0,0.0
21.14487288911128,79.21796313170567,88609689ddfffff,02-03-22,2,1,2.0,2,1,2.0,0,0,2,0,0.0,0.0,2.0,0.0
21.07368939122526,79.27789205580056,8860968a05fffff,02-02-22,1,1,1.0,4,1,4.0,0,0,0,1,0.0,0.0,0.0,1.0
21.07368939122526,79.27789205580056,8860968a05fffff,02-04-22,1,1,1.0,4,1,4.0,1,0,0,0,1.0,0.0,0.0,0.0
21.07368939122526,79.27789205580056,8860968a05fffff,02-08-22,2,1,2.0,4,1,4.0,0,1,0,1,0.0,1.0,0.0,1.0
21.080865206772273,79.27366087852188,8860968a2bfffff,02-04-22,1,1,1.0,1,1,1.0,0,1,0,0,0.0,1.0,0.0,0.0
21.080333402604133,79.25604224872335,8860968a31fffff,02-04-22,3,1,3.0,5,1,5.0,0,0,1,2,0.0,0.0,1.0,2.0
21.080333402604133,79.25604224872335,8860968a31fffff,02-08-22,2,1,2.0,5,1,5.0,0,1,1,0,0.0,1.0,1.0,0.0
21.08006685288827,79.24723411057369,8860968a33fffff,02-04-22,1,1,1.0,1,1,1.0,0,1,0,0,0.0,1.0,0.0,0.0
21.087507445716756,79.2518113552555,8860968a37fffff,02-05-22,1,1,1.0,2,1,2.0,0,0,1,0,0.0,0.0,1.0,0.0
21.087507445716756,79.2518113552555,8860968a37fffff,02-08-22,1,1,1.0,2,1,2.0,1,0,0,0,1.0,0.0,0.0,0.0
21.080599520609635,79.26485117147664,8860968a3dfffff,02-01-22,2,1,2.0,19,1,19.0,0,0,0,2,0.0,0.0,0.0,2.0
21.080599520609635,79.26485117147664,8860968a3dfffff,02-02-22,3,1,3.0,19,1,19.0,0,0,0,3,0.0,0.0,0.0,3.0
21.080599520609635,79.26485117147664,8860968a3dfffff,02-03-22,3,1,3.0,19,1,19.0,0,0,0,3,0.0,0.0,0.0,3.0
21.080599520609635,79.26485117147664,8860968a3dfffff,02-04-22,3,1,3.0,19,1,19.0,0,0,0,3,0.0,0.0,0.0,3.0
21.080599520609635,79.26485117147664,8860968a3dfffff,02-05-22,3,1,3.0,19,1,19.0,0,0,0,3,0.0,0.0,0.0,3.0
21.080599520609635,79.26485117147664,8860968a3dfffff,02-06-22,2,1,2.0,19,1,19.0,0,0,0,2,0.0,0.0,0.0,2.0
21.080599520609635,79.26485117147664,8860968a3dfffff,02-08-22,3,1,3.0,19,1,19.0,0,0,0,3,0.0,0.0,0.0,3.0
21.073954132540553,79.28670270346615,8860968a63fffff,02-01-22,1,1,1.0,10,1,10.0,0,0,0,1,0.0,0.0,0.0,1.0
21.073954132540553,79.28670270346615,8860968a63fffff,02-02-22,3,1,3.0,10,1,10.0,0,0,0,3,0.0,0.0,0.0,3.0
21.073954132540553,79.28670270346615,8860968a63fffff,02-03-22,2,1,2.0,10,1,10.0,0,0,0,2,0.0,0.0,0.0,2.0
21.073954132540553,79.28670270346615,8860968a63fffff,02-04-22,2,1,2.0,10,1,10.0,0,0,0,2,0.0,0.0,0.0,2.0
21.073954132540553,79.28670270346615,8860968a63fffff,02-08-22,2,1,2.0,10,1,10.0,0,0,0,2,0.0,0.0,0.0,2.0
21.081659672878562,79.30009470228994,8860968a65fffff,02-01-22,1,1,1.0,6,1,6.0,0,0,0,1,0.0,0.0,0.0,1.0
21.081659672878562,79.30009470228994,8860968a65fffff,02-03-22,2,1,2.0,6,1,6.0,0,0,0,2,0.0,0.0,0.0,2.0
21.081659672878562,79.30009470228994,8860968a65fffff,02-04-22,1,1,1.0,6,1,6.0,0,0,0,1,0.0,0.0,0.0,1.0
21.081659672878562,79.30009470228994,8860968a65fffff,02-06-22,1,1,1.0,6,1,6.0,0,0,0,1,0.0,0.0,0.0,1.0
21.081659672878562,79.30009470228994,8860968a65fffff,02-08-22,1,1,1.0,6,1,6.0,1,0,0,0,1.0,0.0,0.0,0.0
21.081395283039125,79.29128264424072,8860968a67fffff,02-01-22,1,1,1.0,3,1,3.0,0,0,0,1,0.0,0.0,0.0,1.0
21.081395283039125,79.29128264424072,8860968a67fffff,02-05-22,2,1,2.0,3,1,3.0,0,0,0,2,0.0,0.0,0.0,2.0
21.093876719173718,79.22115931766395,8860968aa5fffff,02-01-22,2,1,2.0,7,1,7.0,1,1,0,0,1.0,1.0,0.0,0.0
21.093876719173718,79.22115931766395,8860968aa5fffff,02-02-22,1,1,1.0,7,1,7.0,1,0,0,0,1.0,0.0,0.0,0.0
21.093876719173718,79.22115931766395,8860968aa5fffff,02-04-22,2,1,2.0,7,1,7.0,0,1,0,1,0.0,1.0,0.0,1.0
21.093876719173718,79.22115931766395,8860968aa5fffff,02-05-22,1,1,1.0,7,1,7.0,0,0,0,1,0.0,0.0,0.0,1.0
21.093876719173718,79.22115931766395,8860968aa5fffff,02-06-22,1,1,1.0,7,1,7.0,0,1,0,0,0.0,1.0,0.0,0.0
21.0936078484852,79.21235385103387,8860968aa7fffff,02-02-22,2,1,2.0,8,1,8.0,0,1,1,0,0.0,1.0,1.0,0.0
21.0936078484852,79.21235385103387,8860968aa7fffff,02-04-22,2,1,2.0,8,1,8.0,0,1,0,1,0.0,1.0,0.0,1.0
21.0936078484852,79.21235385103387,8860968aa7fffff,02-06-22,2,1,2.0,8,1,8.0,0,1,1,0,0.0,1.0,1.0,0.0
21.0936078484852,79.21235385103387,8860968aa7fffff,02-08-22,2,1,2.0,8,1,8.0,0,0,0,2,0.0,0.0,0.0,2.0
21.117535244485023,79.27893601210938,8860968b17fffff,02-03-22,1,1,1.0,1,1,1.0,0,1,0,0,0.0,1.0,0.0,0.0
21.089100750812854,79.30467571004972,8860968b59fffff,02-03-22,2,1,2.0,3,1,3.0,0,0,0,2,0.0,0.0,0.0,2.0
21.089100750812854,79.30467571004972,8860968b59fffff,02-05-22,1,1,1.0,3,1,3.0,0,0,0,1,0.0,0.0,0.0,1.0
21.11266399460689,79.12045330935685,8860968d01fffff,02-01-22,1,1,1.0,25,1,25.0,0,1,0,0,0.0,1.0,0.0,0.0
21.11266399460689,79.12045330935685,8860968d01fffff,02-04-22,6,1,6.0,25,1,25.0,0,1,0,5,0.0,1.0,0.0,5.0
21.11266399460689,79.12045330935685,8860968d01fffff,02-05-22,4,1,4.0,25,1,25.0,0,1,0,3,0.0,1.0,0.0,3.0
21.11266399460689,79.12045330935685,8860968d01fffff,02-06-22,4,1,4.0,25,1,25.0,0,2,0,2,0.0,2.0,0.0,2.0
21.11266399460689,79.12045330935685,8860968d01fffff,02-07-22,9,1,9.0,25,1,25.0,0,5,0,4,0.0,5.0,0.0,4.0
21.11266399460689,79.12045330935685,8860968d01fffff,02-08-22,1,1,1.0,25,1,25.0,0,1,0,0,0.0,1.0,0.0,0.0
21.112389274721817,79.11165619906713,8860968d03fffff,02-04-22,9,1,9.0,42,1,42.0,0,4,0,5,0.0,4.0,0.0,5.0
21.112389274721817,79.11165619906713,8860968d03fffff,02-05-22,8,1,8.0,42,1,42.0,1,2,0,5,1.0,2.0,0.0,5.0
21.112389274721817,79.11165619906713,8860968d03fffff,02-06-22,12,1,12.0,42,1,42.0,0,6,0,6,0.0,6.0,0.0,6.0
21.112389274721817,79.11165619906713,8860968d03fffff,02-07-22,8,1,8.0,42,1,42.0,0,2,0,6,0.0,2.0,0.0,6.0
21.112389274721817,79.11165619906713,8860968d03fffff,02-08-22,5,1,5.0,42,1,42.0,0,3,0,2,0.0,3.0,0.0,2.0
21.120102426994094,79.12502207226358,8860968d05fffff,02-01-22,8,1,8.0,49,1,49.0,2,4,0,2,2.0,4.0,0.0,2.0
21.120102426994094,79.12502207226358,8860968d05fffff,02-03-22,7,1,7.0,49,1,49.0,1,4,0,2,1.0,4.0,0.0,2.0
21.120102426994094,79.12502207226358,8860968d05fffff,02-04-22,7,1,7.0,49,1,49.0,0,3,0,4,0.0,3.0,0.0,4.0
21.120102426994094,79.12502207226358,8860968d05fffff,02-05-22,8,1,8.0,49,1,49.0,0,7,0,1,0.0,7.0,0.0,1.0
21.120102426994094,79.12502207226358,8860968d05fffff,02-06-22,9,1,9.0,49,1,49.0,0,6,0,3,0.0,6.0,0.0,3.0
21.120102426994094,79.12502207226358,8860968d05fffff,02-07-22,8,1,8.0,49,1,49.0,0,6,0,2,0.0,6.0,0.0,2.0
21.120102426994094,79.12502207226358,8860968d05fffff,02-08-22,2,1,2.0,49,1,49.0,0,2,0,0,0.0,2.0,0.0,0.0
21.11982762330213,79.11622433245434,8860968d07fffff,02-05-22,1,1,1.0,1,1,1.0,0,1,0,0,0.0,1.0,0.0,0.0
21.10549961761389,79.12468225773085,8860968d09fffff,02-01-22,1,1,1.0,7,1,7.0,0,0,0,1,0.0,0.0,0.0,1.0
21.10549961761389,79.12468225773085,8860968d09fffff,02-04-22,1,1,1.0,7,1,7.0,0,0,0,1,0.0,0.0,0.0,1.0
21.10549961761389,79.12468225773085,8860968d09fffff,02-05-22,2,1,2.0,7,1,7.0,1,1,0,0,1.0,1.0,0.0,0.0
21.10549961761389,79.12468225773085,8860968d09fffff,02-07-22,3,1,3.0,7,1,7.0,0,3,0,0,0.0,3.0,0.0,0.0
21.105225411831807,79.11588498729577,8860968d0bfffff,02-04-22,2,1,2.0,6,1,6.0,0,0,0,2,0.0,0.0,0.0,2.0
21.105225411831807,79.11588498729577,8860968d0bfffff,02-05-22,1,1,1.0,6,1,6.0,0,0,0,1,0.0,0.0,0.0,1.0
21.105225411831807,79.11588498729577,8860968d0bfffff,02-06-22,1,1,1.0,6,1,6.0,0,0,0,1,0.0,0.0,0.0,1.0
21.105225411831807,79.11588498729577,8860968d0bfffff,02-07-22,1,1,1.0,6,1,6.0,0,0,0,1,0.0,0.0,0.0,1.0
21.105225411831807,79.11588498729577,8860968d0bfffff,02-08-22,1,1,1.0,6,1,6.0,0,0,0,1,0.0,0.0,0.0,1.0
21.112938284206308,79.12925120922196,8860968d0dfffff,02-01-22,13,1,13.0,58,1,58.0,0,6,0,7,0.0,6.0,0.0,7.0
21.112938284206308,79.12925120922196,8860968d0dfffff,02-03-22,9,1,9.0,58,1,58.0,0,4,0,5,0.0,4.0,0.0,5.0
21.112938284206308,79.12925120922196,8860968d0dfffff,02-04-22,5,1,5.0,58,1,58.0,0,3,0,2,0.0,3.0,0.0,2.0
21.112938284206308,79.12925120922196,8860968d0dfffff,02-05-22,11,1,11.0,58,1,58.0,0,7,0,4,0.0,7.0,0.0,4.0
21.112938284206308,79.12925120922196,8860968d0dfffff,02-06-22,9,1,9.0,58,1,58.0,2,4,0,3,2.0,4.0,0.0,3.0
21.112938284206308,79.12925120922196,8860968d0dfffff,02-07-22,9,1,9.0,58,1,58.0,0,4,0,5,0.0,4.0,0.0,5.0
21.112938284206308,79.12925120922196,8860968d0dfffff,02-08-22,2,1,2.0,58,1,58.0,0,1,0,1,0.0,1.0,0.0,1.0
21.127265821307773,79.12079290672425,8860968d2bfffff,02-01-22,5,1,5.0,34,1,34.0,1,4,0,0,1.0,4.0,0.0,0.0
21.127265821307773,79.12079290672425,8860968d2bfffff,02-03-22,5,1,5.0,34,1,34.0,0,5,0,0,0.0,5.0,0.0,0.0
21.127265821307773,79.12079290672425,8860968d2bfffff,02-04-22,3,1,3.0,34,1,34.0,0,3,0,0,0.0,3.0,0.0,0.0
21.127265821307773,79.12079290672425,8860968d2bfffff,02-05-22,8,1,8.0,34,1,34.0,0,5,0,3,0.0,5.0,0.0,3.0
21.127265821307773,79.12079290672425,8860968d2bfffff,02-06-22,7,1,7.0,34,1,34.0,1,6,0,0,1.0,6.0,0.0,0.0
21.127265821307773,79.12079290672425,8860968d2bfffff,02-07-22,6,1,6.0,34,1,34.0,0,5,0,1,0.0,5.0,0.0,1.0
21.126714755233127,79.10319853736473,8860968d31fffff,02-01-22,1,1,1.0,47,2,23.5,0,0,0,1,0.0,0.0,0.0,1.0
21.126714755233127,79.10319853736473,8860968d31fffff,02-03-22,5,1,5.0,47,2,23.5,0,3,0,2,0.0,3.0,0.0,2.0
21.126714755233127,79.10319853736473,8860968d31fffff,02-04-22,8,2,4.0,47,2,23.5,0,4,0,4,0.0,2.0,0.0,2.0
21.126714755233127,79.10319853736473,8860968d31fffff,02-05-22,11,2,5.5,47,2,23.5,1,6,0,4,0.5,3.0,0.0,2.0
21.126714755233127,79.10319853736473,8860968d31fffff,02-06-22,10,2,5.0,47,2,23.5,0,5,0,5,0.0,2.5,0.0,2.5
21.126714755233127,79.10319853736473,8860968d31fffff,02-07-22,9,2,4.5,47,2,23.5,0,6,0,3,0.0,3.0,0.0,1.5
21.126714755233127,79.10319853736473,8860968d31fffff,02-08-22,3,1,3.0,47,2,23.5,0,2,0,1,0.0,2.0,0.0,1.0
21.13415263489513,79.10776629324697,8860968d35fffff,02-01-22,7,1,7.0,30,1,30.0,0,3,0,4,0.0,3.0,0.0,4.0
21.13415263489513,79.10776629324697,8860968d35fffff,02-03-22,5,1,5.0,30,1,30.0,1,3,0,1,1.0,3.0,0.0,1.0
21.13415263489513,79.10776629324697,8860968d35fffff,02-04-22,3,1,3.0,30,1,30.0,0,1,0,2,0.0,1.0,0.0,2.0
21.13415263489513,79.10776629324697,8860968d35fffff,02-05-22,7,1,7.0,30,1,30.0,1,4,0,2,1.0,4.0,0.0,2.0
21.13415263489513,79.10776629324697,8860968d35fffff,02-06-22,2,1,2.0,30,1,30.0,0,1,0,1,0.0,1.0,0.0,1.0
21.13415263489513,79.10776629324697,8860968d35fffff,02-07-22,3,1,3.0,30,1,30.0,0,2,0,1,0.0,2.0,0.0,1.0
21.13415263489513,79.10776629324697,8860968d35fffff,02-08-22,3,1,3.0,30,1,30.0,0,1,0,2,0.0,1.0,0.0,2.0
21.133876372402636,79.09896966398254,8860968d37fffff,02-01-22,9,2,4.5,59,2,29.5,0,3,0,6,0.0,1.5,0.0,3.0
21.133876372402636,79.09896966398254,8860968d37fffff,02-03-22,8,1,8.0,59,2,29.5,0,4,0,4,0.0,4.0,0.0,4.0
21.133876372402636,79.09896966398254,8860968d37fffff,02-04-22,7,2,3.5,59,2,29.5,0,4,0,3,0.0,2.0,0.0,1.5
21.133876372402636,79.09896966398254,8860968d37fffff,02-05-22,13,2,6.5,59,2,29.5,1,6,0,6,0.5,3.0,0.0,3.0
21.133876372402636,79.09896966398254,8860968d37fffff,02-06-22,9,2,4.5,59,2,29.5,0,4,0,5,0.0,2.0,0.0,2.5
21.133876372402636,79.09896966398254,8860968d37fffff,02-07-22,7,2,3.5,59,2,29.5,2,3,0,2,1.0,1.5,0.0,1.0
21.133876372402636,79.09896966398254,8860968d37fffff,02-08-22,6,2,3.0,59,2,29.5,1,4,0,1,0.5,2.0,0.0,0.5
21.119552389264253,79.10742738240819,8860968d39fffff,02-04-22,5,1,5.0,33,1,33.0,0,4,0,1,0.0,4.0,0.0,1.0
21.119552389264253,79.10742738240819,8860968d39fffff,02-05-22,9,1,9.0,33,1,33.0,1,7,0,1,1.0,7.0,0.0,1.0
21.119552389264253,79.10742738240819,8860968d39fffff,02-06-22,6,1,6.0,33,1,33.0,1,4,0,1,1.0,4.0,0.0,1.0
21.119552389264253,79.10742738240819,8860968d39fffff,02-07-22,9,1,9.0,33,1,33.0,2,6,0,1,2.0,6.0,0.0,1.0
21.119552389264253,79.10742738240819,8860968d39fffff,02-08-22,4,1,4.0,33,1,33.0,0,4,0,0,0.0,4.0,0.0,0.0
21.126990503473497,79.11199532706912,8860968d3dfffff,02-01-22,4,1,4.0,62,2,31.0,0,0,0,4,0.0,0.0,0.0,4.0
21.126990503473497,79.11199532706912,8860968d3dfffff,02-03-22,10,1,10.0,62,2,31.0,0,2,0,8,0.0,2.0,0.0,8.0
21.126990503473497,79.11199532706912,8860968d3dfffff,02-04-22,7,1,7.0,62,2,31.0,1,2,0,4,1.0,2.0,0.0,4.0
21.126990503473497,79.11199532706912,8860968d3dfffff,02-05-22,17,2,8.5,62,2,31.0,0,9,0,8,0.0,4.5,0.0,4.0
21.126990503473497,79.11199532706912,8860968d3dfffff,02-06-22,8,2,4.0,62,2,31.0,0,2,0,6,0.0,1.0,0.0,3.0
21.126990503473497,79.11199532706912,8860968d3dfffff,02-07-22,11,2,5.5,62,2,31.0,1,4,0,6,0.5,2.0,0.0,3.0
21.126990503473497,79.11199532706912,8860968d3dfffff,02-08-22,5,2,2.5,62,2,31.0,0,3,0,2,0.0,1.5,0.0,1.0
21.106046738368565,79.14227916645537,8860968d45fffff,02-01-22,6,1,6.0,41,1,41.0,0,3,0,3,0.0,3.0,0.0,3.0
21.106046738368565,79.14227916645537,8860968d45fffff,02-03-22,6,1,6.0,41,1,41.0,2,2,0,2,2.0,2.0,0.0,2.0
21.106046738368565,79.14227916645537,8860968d45fffff,02-04-22,5,1,5.0,41,1,41.0,0,2,0,3,0.0,2.0,0.0,3.0
21.106046738368565,79.14227916645537,8860968d45fffff,02-05-22,8,1,8.0,41,1,41.0,0,2,0,6,0.0,2.0,0.0,6.0
21.106046738368565,79.14227916645537,8860968d45fffff,02-06-22,6,1,6.0,41,1,41.0,0,4,0,2,0.0,4.0,0.0,2.0
21.106046738368565,79.14227916645537,8860968d45fffff,02-07-22,8,1,8.0,41,1,41.0,1,3,0,4,1.0,3.0,0.0,4.0
21.106046738368565,79.14227916645537,8860968d45fffff,02-08-22,2,1,2.0,41,1,41.0,1,1,0,0,1.0,1.0,0.0,0.0
21.09888058537901,79.14650840578611,8860968d4dfffff,02-01-22,5,1,5.0,22,1,22.0,0,1,0,4,0.0,1.0,0.0,4.0
21.09888058537901,79.14650840578611,8860968d4dfffff,02-03-22,3,1,3.0,22,1,22.0,0,0,0,3,0.0,0.0,0.0,3.0
21.09888058537901,79.14650840578611,8860968d4dfffff,02-04-22,2,1,2.0,22,1,22.0,0,0,0,2,0.0,0.0,0.0,2.0
21.09888058537901,79.14650840578611,8860968d4dfffff,02-05-22,4,1,4.0,22,1,22.0,0,1,0,3,0.0,1.0,0.0,3.0
21.09888058537901,79.14650840578611,8860968d4dfffff,02-06-22,4,1,4.0,22,1,22.0,0,2,0,2,0.0,2.0,0.0,2.0
21.09888058537901,79.14650840578611,8860968d4dfffff,02-07-22,4,1,4.0,22,1,22.0,0,2,0,2,0.0,2.0,0.0,2.0
21.098060800820353,79.12011374704831,8860968d55fffff,02-04-22,6,1,6.0,27,1,27.0,0,3,0,3,0.0,3.0,0.0,3.0
21.098060800820353,79.12011374704831,8860968d55fffff,02-05-22,5,1,5.0,27,1,27.0,0,3,0,2,0.0,3.0,0.0,2.0
21.098060800820353,79.12011374704831,8860968d55fffff,02-06-22,6,1,6.0,27,1,27.0,0,3,0,3,0.0,3.0,0.0,3.0
21.098060800820353,79.12011374704831,8860968d55fffff,02-07-22,5,1,5.0,27,1,27.0,0,3,0,2,0.0,3.0,0.0,2.0
21.098060800820353,79.12011374704831,8860968d55fffff,02-08-22,5,1,5.0,27,1,27.0,0,3,0,2,0.0,3.0,0.0,2.0
21.09089544191377,79.12434247827899,8860968d5dfffff,02-04-22,4,1,4.0,25,1,25.0,0,3,0,1,0.0,3.0,0.0,1.0
21.09089544191377,79.12434247827899,8860968d5dfffff,02-05-22,6,1,6.0,25,1,25.0,0,3,0,3,0.0,3.0,0.0,3.0
21.09089544191377,79.12434247827899,8860968d5dfffff,02-06-22,7,1,7.0,25,1,25.0,0,4,0,3,0.0,4.0,0.0,3.0
21.09089544191377,79.12434247827899,8860968d5dfffff,02-07-22,5,1,5.0,25,1,25.0,0,3,0,2,0.0,3.0,0.0,2.0
21.09089544191377,79.12434247827899,8860968d5dfffff,02-08-22,3,1,3.0,25,1,25.0,0,1,0,2,0.0,1.0,0.0,2.0
21.113212143386527,79.13804989835384,8860968d6bfffff,02-01-22,4,1,4.0,44,1,44.0,0,2,0,2,0.0,2.0,0.0,2.0
21.113212143386527,79.13804989835384,8860968d6bfffff,02-03-22,8,1,8.0,44,1,44.0,0,5,0,3,0.0,5.0,0.0,3.0
21.113212143386527,79.13804989835384,8860968d6bfffff,02-04-22,7,1,7.0,44,1,44.0,1,3,0,3,1.0,3.0,0.0,3.0
21.113212143386527,79.13804989835384,8860968d6bfffff,02-05-22,8,1,8.0,44,1,44.0,0,5,1,2,0.0,5.0,1.0,2.0
21.113212143386527,79.13804989835384,8860968d6bfffff,02-06-22,8,1,8.0,44,1,44.0,0,5,0,3,0.0,5.0,0.0,3.0
21.113212143386527,79.13804989835384,8860968d6bfffff,02-07-22,6,1,6.0,44,1,44.0,1,2,0,3,1.0,2.0,0.0,3.0
21.113212143386527,79.13804989835384,8860968d6bfffff,02-08-22,3,1,3.0,44,1,44.0,0,1,0,2,0.0,1.0,0.0,2.0
21.132767020447872,79.06379105446959,8860968da1fffff,02-03-22,2,1,2.0,8,3,2.6666666666666665,0,2,0,0,0.0,2.0,0.0,0.0
21.132767020447872,79.06379105446959,8860968da1fffff,02-04-22,2,2,1.0,8,3,2.6666666666666665,0,2,0,0,0.0,1.0,0.0,0.0
21.132767020447872,79.06379105446959,8860968da1fffff,02-05-22,1,1,1.0,8,3,2.6666666666666665,0,1,0,0,0.0,1.0,0.0,0.0
21.132767020447872,79.06379105446959,8860968da1fffff,02-06-22,1,1,1.0,8,3,2.6666666666666665,0,1,0,0,0.0,1.0,0.0,0.0
21.132767020447872,79.06379105446959,8860968da1fffff,02-07-22,1,1,1.0,8,3,2.6666666666666665,0,1,0,0,0.0,1.0,0.0,0.0
21.132767020447872,79.06379105446959,8860968da1fffff,02-08-22,1,1,1.0,8,3,2.6666666666666665,0,1,0,0,0.0,1.0,0.0,0.0
21.1324886076326,79.05499838051598,8860968da3fffff,02-01-22,1,1,1.0,18,4,4.5,0,1,0,0,0.0,1.0,0.0,0.0
21.1324886076326,79.05499838051598,8860968da3fffff,02-03-22,3,3,1.0,18,4,4.5,0,3,0,0,0.0,1.0,0.0,0.0
21.1324886076326,79.05499838051598,8860968da3fffff,02-04-22,5,3,1.6666666666666667,18,4,4.5,1,4,0,0,0.3333333333333333,1.3333333333333333,0.0,0.0
21.1324886076326,79.05499838051598,8860968da3fffff,02-05-22,2,1,2.0,18,4,4.5,1,0,1,0,1.0,0.0,1.0,0.0
21.1324886076326,79.05499838051598,8860968da3fffff,02-06-22,2,2,1.0,18,4,4.5,0,2,0,0,0.0,1.0,0.0,0.0
21.1324886076326,79.05499838051598,8860968da3fffff,02-07-22,2,2,1.0,18,4,4.5,0,2,0,0,0.0,1.0,0.0,0.0
21.1324886076326,79.05499838051598,8860968da3fffff,02-08-22,3,3,1.0,18,4,4.5,0,3,0,0,0.0,1.0,0.0,0.0
21.14020432834681,79.06835610116488,8860968da5fffff,02-01-22,2,2,1.0,10,4,2.5,0,0,0,2,0.0,0.0,0.0,1.0
21.14020432834681,79.06835610116488,8860968da5fffff,02-03-22,4,2,2.0,10,4,2.5,1,2,0,1,0.5,1.0,0.0,0.5
21.14020432834681,79.06835610116488,8860968da5fffff,02-04-22,2,2,1.0,10,4,2.5,0,2,0,0,0.0,1.0,0.0,0.0
21.14020432834681,79.06835610116488,8860968da5fffff,02-06-22,1,1,1.0,10,4,2.5,1,0,0,0,1.0,0.0,0.0,0.0
21.14020432834681,79.06835610116488,8860968da5fffff,02-08-22,1,1,1.0,10,4,2.5,0,1,0,0,0.0,1.0,0.0,0.0
21.139925830787295,79.05956279682182,8860968da7fffff,02-01-22,2,2,1.0,8,5,1.6,0,2,0,0,0.0,1.0,0.0,0.0
21.139925830787295,79.05956279682182,8860968da7fffff,02-03-22,1,1,1.0,8,5,1.6,0,0,0,1,0.0,0.0,0.0,1.0
21.139925830787295,79.05956279682182,8860968da7fffff,02-04-22,2,2,1.0,8,5,1.6,1,1,0,0,0.5,0.5,0.0,0.0
21.139925830787295,79.05956279682182,8860968da7fffff,02-06-22,2,1,2.0,8,5,1.6,0,2,0,0,0.0,2.0,0.0,0.0
21.139925830787295,79.05956279682182,8860968da7fffff,02-08-22,1,1,1.0,8,5,1.6,0,1,0,0,0.0,1.0,0.0,0.0
21.124772477419626,79.04164315392397,8860968db1fffff,02-01-22,2,2,1.0,35,5,7.0,0,2,0,0,0.0,1.0,0.0,0.0
21.124772477419626,79.04164315392397,8860968db1fffff,02-03-22,8,4,2.0,35,5,7.0,0,5,3,0,0.0,1.25,0.75,0.0
21.124772477419626,79.04164315392397,8860968db1fffff,02-04-22,8,4,2.0,35,5,7.0,0,4,4,0,0.0,1.0,1.0,0.0
21.124772477419626,79.04164315392397,8860968db1fffff,02-05-22,5,3,1.6666666666666667,35,5,7.0,0,3,1,1,0.0,1.0,0.3333333333333333,0.3333333333333333
21.124772477419626,79.04164315392397,8860968db1fffff,02-06-22,5,4,1.25,35,5,7.0,0,3,1,1,0.0,0.75,0.25,0.25
21.124772477419626,79.04164315392397,8860968db1fffff,02-07-22,4,3,1.3333333333333333,35,5,7.0,0,2,2,0,0.0,0.6666666666666666,0.6666666666666666,0.0
21.124772477419626,79.04164315392397,8860968db1fffff,02-08-22,3,2,1.5,35,5,7.0,0,2,0,1,0.0,1.0,0.0,0.5
21.12449329074896,79.03285269490621,8860968db3fffff,02-01-22,2,2,1.0,22,5,4.4,0,2,0,0,0.0,1.0,0.0,0.0
21.12449329074896,79.03285269490621,8860968db3fffff,02-03-22,5,4,1.25,22,5,4.4,0,3,2,0,0.0,0.75,0.5,0.0
21.12449329074896,79.03285269490621,8860968db3fffff,02-04-22,5,2,2.5,22,5,4.4,1,1,3,0,0.5,0.5,1.5,0.0
21.12449329074896,79.03285269490621,8860968db3fffff,02-05-22,2,2,1.0,22,5,4.4,0,0,2,0,0.0,0.0,1.0,0.0
21.12449329074896,79.03285269490621,8860968db3fffff,02-06-22,3,3,1.0,22,5,4.4,0,0,3,0,0.0,0.0,1.0,0.0
21.12449329074896,79.03285269490621,8860968db3fffff,02-07-22,1,1,1.0,22,5,4.4,0,1,0,0,0.0,1.0,0.0,0.0
21.12449329074896,79.03285269490621,8860968db3fffff,02-08-22,4,4,1.0,22,5,4.4,0,1,3,0,0.0,0.25,0.75,0.0
21.132209765154716,79.0462064985469,8860968db5fffff,02-01-22,2,2,1.0,16,4,4.0,0,2,0,0,0.0,1.0,0.0,0.0
21.132209765154716,79.0462064985469,8860968db5fffff,02-03-22,3,3,1.0,16,4,4.0,0,3,0,0,0.0,1.0,0.0,0.0
21.132209765154716,79.0462064985469,8860968db5fffff,02-04-22,3,2,1.5,16,4,4.0,0,3,0,0,0.0,1.5,0.0,0.0
21.132209765154716,79.0462064985469,8860968db5fffff,02-05-22,2,2,1.0,16,4,4.0,0,2,0,0,0.0,1.0,0.0,0.0
21.132209765154716,79.0462064985469,8860968db5fffff,02-06-22,2,1,2.0,16,4,4.0,0,2,0,0,0.0,2.0,0.0,0.0
21.132209765154716,79.0462064985469,8860968db5fffff,02-07-22,2,2,1.0,16,4,4.0,0,2,0,0,0.0,1.0,0.0,0.0
21.132209765154716,79.0462064985469,8860968db5fffff,02-08-22,2,2,1.0,16,4,4.0,0,2,0,0,0.0,1.0,0.0,0.0
21.010413024970234,79.11807710913061,8860968e01fffff,02-07-22,1,1,1.0,1,1,1.0,0,0,0,1,0.0,0.0,0.0,1.0
21.00297177518221,79.11351055176412,8860968e0bfffff,02-07-22,1,1,1.0,1,1,1.0,0,0,0,1,0.0,0.0,0.0,1.0
21.01068312580442,79.12687172435304,8860968e0dfffff,02-04-22,1,1,1.0,5,1,5.0,0,0,0,1,0.0,0.0,0.0,1.0
21.01068312580442,79.12687172435304,8860968e0dfffff,02-06-22,1,1,1.0,5,1,5.0,0,0,0,1,0.0,0.0,0.0,1.0
21.01068312580442,79.12687172435304,8860968e0dfffff,02-07-22,1,1,1.0,5,1,5.0,0,0,0,1,0.0,0.0,0.0,1.0
21.01068312580442,79.12687172435304,8860968e0dfffff,02-08-22,2,1,2.0,5,1,5.0,0,0,0,2,0.0,0.0,0.0,2.0
21.0327358947368,79.13177942453103,8860968e2dfffff,02-04-22,4,1,4.0,24,1,24.0,0,0,4,0,0.0,0.0,4.0,0.0
21.0327358947368,79.13177942453103,8860968e2dfffff,02-05-22,7,1,7.0,24,1,24.0,0,0,7,0,0.0,0.0,7.0,0.0
21.0327358947368,79.13177942453103,8860968e2dfffff,02-06-22,5,1,5.0,24,1,24.0,0,0,5,0,0.0,0.0,5.0,0.0
21.0327358947368,79.13177942453103,8860968e2dfffff,02-07-22,6,1,6.0,24,1,24.0,0,0,6,0,0.0,0.0,6.0,0.0
21.0327358947368,79.13177942453103,8860968e2dfffff,02-08-22,2,1,2.0,24,1,24.0,0,0,2,0,0.0,0.0,2.0,0.0
20.988897086649338,79.1307593099994,8860968e4bfffff,02-05-22,1,1,1.0,1,1,1.0,0,0,0,1,0.0,0.0,0.0,1.0
21.01812431436876,79.13143935125782,8860968e63fffff,02-04-22,5,1,5.0,25,1,25.0,0,0,5,0,0.0,0.0,5.0,0.0
21.01812431436876,79.13143935125782,8860968e63fffff,02-05-22,6,1,6.0,25,1,25.0,1,0,5,0,1.0,0.0,5.0,0.0
21.01812431436876,79.13143935125782,8860968e63fffff,02-06-22,2,1,2.0,25,1,25.0,0,0,2,0,0.0,0.0,2.0,0.0
21.01812431436876,79.13143935125782,8860968e63fffff,02-07-22,9,1,9.0,25,1,25.0,0,0,9,0,0.0,0.0,9.0,0.0
21.01812431436876,79.13143935125782,8860968e63fffff,02-08-22,3,1,3.0,25,1,25.0,0,0,3,0,0.0,0.0,3.0,0.0
21.025565355998985,79.1360074186833,8860968e67fffff,02-04-22,6,1,6.0,30,1,30.0,0,0,6,0,0.0,0.0,6.0,0.0
21.025565355998985,79.1360074186833,8860968e67fffff,02-05-22,7,1,7.0,30,1,30.0,0,1,6,0,0.0,1.0,6.0,0.0
21.025565355998985,79.1360074186833,8860968e67fffff,02-06-22,8,1,8.0,30,1,30.0,0,0,8,0,0.0,0.0,8.0,0.0
21.025565355998985,79.1360074186833,8860968e67fffff,02-07-22,6,1,6.0,30,1,30.0,0,0,6,0,0.0,0.0,6.0,0.0
21.025565355998985,79.1360074186833,8860968e67fffff,02-08-22,3,1,3.0,30,1,30.0,0,0,3,0,0.0,0.0,3.0,0.0
21.010952798000314,79.13566712837468,8860968e6bfffff,02-04-22,1,1,1.0,1,1,1.0,0,0,0,1,0.0,0.0,0.0,1.0
21.05451493108985,79.12789129305193,8860968f11fffff,02-04-22,3,1,3.0,14,1,14.0,0,1,2,0,0.0,1.0,2.0,0.0
21.05451493108985,79.12789129305193,8860968f11fffff,02-05-22,3,1,3.0,14,1,14.0,0,1,2,0,0.0,1.0,2.0,0.0
21.05451493108985,79.12789129305193,8860968f11fffff,02-06-22,3,1,3.0,14,1,14.0,0,0,3,0,0.0,0.0,3.0,0.0
21.05451493108985,79.12789129305193,8860968f11fffff,02-07-22,3,1,3.0,14,1,14.0,0,0,2,1,0.0,0.0,2.0,1.0
21.05451493108985,79.12789129305193,8860968f11fffff,02-08-22,2,1,2.0,14,1,14.0,0,0,2,0,0.0,0.0,2.0,0.0
21.061954979924515,79.13245967639254,8860968f15fffff,02-01-22,1,1,1.0,25,1,25.0,0,0,1,0,0.0,0.0,1.0,0.0
21.061954979924515,79.13245967639254,8860968f15fffff,02-04-22,5,1,5.0,25,1,25.0,0,2,3,0,0.0,2.0,3.0,0.0
21.061954979924515,79.13245967639254,8860968f15fffff,02-05-22,4,1,4.0,25,1,25.0,0,0,4,0,0.0,0.0,4.0,0.0
21.061954979924515,79.13245967639254,8860968f15fffff,02-06-22,4,1,4.0,25,1,25.0,0,0,4,0,0.0,0.0,4.0,0.0
21.061954979924515,79.13245967639254,8860968f15fffff,02-07-22,8,1,8.0,25,1,25.0,0,2,5,1,0.0,2.0,5.0,1.0
21.061954979924515,79.13245967639254,8860968f15fffff,02-08-22,3,1,3.0,25,1,25.0,0,1,2,0,0.0,1.0,2.0,0.0
21.047346117159385,79.13211953290747,8860968f19fffff,02-04-22,7,1,7.0,37,1,37.0,1,0,6,0,1.0,0.0,6.0,0.0
21.047346117159385,79.13211953290747,8860968f19fffff,02-05-22,7,1,7.0,37,1,37.0,0,1,5,1,0.0,1.0,5.0,1.0
21.047346117159385,79.13211953290747,8860968f19fffff,02-06-22,7,1,7.0,37,1,37.0,0,0,7,0,0.0,0.0,7.0,0.0
21.047346117159385,79.13211953290747,8860968f19fffff,02-07-22,9,1,9.0,37,1,37.0,0,1,8,0,0.0,1.0,8.0,0.0
21.047346117159385,79.13211953290747,8860968f19fffff,02-08-22,7,1,7.0,37,1,37.0,0,1,6,0,0.0,1.0,6.0,0.0
21.05478639875525,79.13668810468157,8860968f1dfffff,02-04-22,2,1,2.0,7,1,7.0,0,0,2,0,0.0,0.0,2.0,0.0
21.05478639875525,79.13668810468157,8860968f1dfffff,02-05-22,2,1,2.0,7,1,7.0,0,0,2,0,0.0,0.0,2.0,0.0
21.05478639875525,79.13668810468157,8860968f1dfffff,02-07-22,2,1,2.0,7,1,7.0,0,0,2,0,0.0,0.0,2.0,0.0
21.05478639875525,79.13668810468157,8860968f1dfffff,02-08-22,1,1,1.0,7,1,7.0,0,0,1,0,0.0,0.0,1.0,0.0
21.09198557165702,79.15953757284127,8860968f25fffff,02-01-22,1,1,1.0,1,1,1.0,0,1,0,0,0.0,1.0,0.0,0.0
21.076289901601445,79.1240027339026,8860968f33fffff,02-05-22,4,1,4.0,11,1,11.0,0,2,1,1,0.0,2.0,1.0,1.0
21.076289901601445,79.1240027339026,8860968f33fffff,02-06-22,4,1,4.0,11,1,11.0,0,2,1,1,0.0,2.0,1.0,1.0
21.076289901601445,79.1240027339026,8860968f33fffff,02-07-22,1,1,1.0,11,1,11.0,0,0,1,0,0.0,0.0,1.0,0.0
21.076289901601445,79.1240027339026,8860968f33fffff,02-08-22,2,1,2.0,11,1,11.0,0,1,1,0,0.0,1.0,1.0,0.0
21.083729335338518,79.12857118094202,8860968f37fffff,02-01-22,1,1,1.0,8,1,8.0,0,0,0,1,0.0,0.0,0.0,1.0
21.083729335338518,79.12857118094202,8860968f37fffff,02-04-22,2,1,2.0,8,1,8.0,0,0,0,2,0.0,0.0,0.0,2.0
21.083729335338518,79.12857118094202,8860968f37fffff,02-05-22,1,1,1.0,8,1,8.0,0,0,0,1,0.0,0.0,0.0,1.0
21.083729335338518,79.12857118094202,8860968f37fffff,02-06-22,1,1,1.0,8,1,8.0,0,0,0,1,0.0,0.0,0.0,1.0
21.083729335338518,79.12857118094202,8860968f37fffff,02-07-22,2,1,2.0,8,1,8.0,0,1,0,1,0.0,1.0,0.0,1.0
21.083729335338518,79.12857118094202,8860968f37fffff,02-08-22,1,1,1.0,8,1,8.0,1,0,0,0,1.0,0.0,0.0,0.0
21.06912281428227,79.12823121945097,8860968f3bfffff,02-04-22,3,1,3.0,16,1,16.0,0,0,1,2,0.0,0.0,1.0,2.0
21.06912281428227,79.12823121945097,8860968f3bfffff,02-05-22,6,1,6.0,16,1,16.0,0,4,1,1,0.0,4.0,1.0,1.0
21.06912281428227,79.12823121945097,8860968f3bfffff,02-06-22,1,1,1.0,16,1,16.0,0,0,0,1,0.0,0.0,0.0,1.0
21.06912281428227,79.12823121945097,8860968f3bfffff,02-07-22,1,1,1.0,16,1,16.0,0,1,0,0,0.0,1.0,0.0,0.0
21.06912281428227,79.12823121945097,8860968f3bfffff,02-08-22,5,1,5.0,16,1,16.0,0,1,2,2,0.0,1.0,2.0,2.0
21.040176556821503,79.13634774411713,8860968f53fffff,02-01-22,1,1,1.0,41,1,41.0,0,0,1,0,0.0,0.0,1.0,0.0
21.040176556821503,79.13634774411713,8860968f53fffff,02-04-22,7,1,7.0,41,1,41.0,0,0,7,0,0.0,0.0,7.0,0.0
21.040176556821503,79.13634774411713,8860968f53fffff,02-05-22,8,1,8.0,41,1,41.0,0,0,8,0,0.0,0.0,8.0,0.0
21.040176556821503,79.13634774411713,8860968f53fffff,02-06-22,8,1,8.0,41,1,41.0,0,1,6,1,0.0,1.0,6.0,1.0
21.040176556821503,79.13634774411713,8860968f53fffff,02-07-22,10,1,10.0,41,1,41.0,0,1,9,0,0.0,1.0,9.0,0.0
21.040176556821503,79.13634774411713,8860968f53fffff,02-08-22,7,1,7.0,41,1,41.0,0,0,7,0,0.0,0.0,7.0,0.0
